D:\S2 UMAYAH\TESIS\Pra Penelitian 2\venv\Lib\site-packages\torch\utils\data\dataloader.py:1102: UserWarning: 'pin_memory' argument is set as true but no accelerator is found, then device pinned memory won't be used.
  super().__init__(loader)
D:\S2 UMAYAH\TESIS\Pra Penelitian 2\venv\Lib\site-packages\torch\utils\data\dataloader.py:1102: UserWarning: 'pin_memory' argument is set as true but no accelerator is found, then device pinned memory won't be used.
  super().__init__(loader)
======================================================================
VALIDASI MULTI-SEED -- KETIGA KRITERIA TUNGGAL, SELURUH 7 RASIO
======================================================================
  Seed baru : [123, 2024] (seed 42 dipakai ulang dari checkpoint yang ada)
  Pasang    : 21 (kriteria x rasio) x 2 seed = 42 run
  Epoch     : 30
  Device    : cpu

[INFO] Memuat baseline & menghitung skor L1, GM-Ekspansi, Entropi sekali (dipakai ulang untuk ketujuh rasio dan kedua seed baru)...
[INFO] MobileNetV2 tanpa pretrained dimuat.
[INFO] Classifier head diganti: 1280 -> 9 kelas
[INFO] Checkpoint dimuat: D:\S2 UMAYAH\TESIS\Pra Penelitian 2\checkpoints\baseline_9class.pth
  Best Acc: 0.9367816091954023
[TRAIN] 812 gambar, 9 kelas, batch_size=32
[VAL] 174 gambar, 9 kelas, batch_size=32
[TEST] 175 gambar, 9 kelas, batch_size=32
[L1-Norm] Dihitung untuk 16 lapisan depthwise (skip t=1)
[GM-Ekspansi] Dihitung untuk 16 lapisan (skip t=1)
[Entropi] Dihitung untuk 16 lapisan menggunakan 180 gambar kalibrasi (20 per kelas x 9 kelas, seed=42)

>>> Run 1/42 | l1 10% seed=123 | Waktu berjalan: 0.0 menit (0.00 jam)
[Pruning] Rasio: 10%
  Channel total  : 7104
  Channel dipangkas: 705
  Channel tersisa  : 6399
[TRAIN] 812 gambar, 9 kelas, batch_size=32
[VAL] 174 gambar, 9 kelas, batch_size=32
[TEST] 175 gambar, 9 kelas, batch_size=32

============================================================
L1 10% seed=123 (mask identik di ketiga seed)
============================================================
[INFO] Training L1 10% seed=123 pada cpu, 30 epoch, lr=0.0001

Epoch 1/30
----------------------------------------
  train Loss: 0.0758 Acc: 0.9643
  val   Loss: 0.2930 Acc: 0.9195
  >> Model terbaik diperbarui! Val Acc: 0.9195

Epoch 2/30
----------------------------------------
  train Loss: 0.0622 Acc: 0.9655
  val   Loss: 0.2633 Acc: 0.9310
  >> Model terbaik diperbarui! Val Acc: 0.9310

Epoch 3/30
----------------------------------------
  train Loss: 0.0652 Acc: 0.9606
  val   Loss: 0.2902 Acc: 0.9195

Epoch 4/30
----------------------------------------
  train Loss: 0.0496 Acc: 0.9692
  val   Loss: 0.3076 Acc: 0.9253

Epoch 5/30
----------------------------------------
  train Loss: 0.0385 Acc: 0.9729
  val   Loss: 0.2910 Acc: 0.9368
  >> Model terbaik diperbarui! Val Acc: 0.9368

Epoch 6/30
----------------------------------------
  train Loss: 0.0511 Acc: 0.9631
  val   Loss: 0.2787 Acc: 0.9483
  >> Model terbaik diperbarui! Val Acc: 0.9483

Epoch 7/30
----------------------------------------
  train Loss: 0.0397 Acc: 0.9741
  val   Loss: 0.2877 Acc: 0.9425

Epoch 8/30
----------------------------------------
  train Loss: 0.0363 Acc: 0.9717
  val   Loss: 0.3040 Acc: 0.9253

Epoch 9/30
----------------------------------------
  train Loss: 0.0342 Acc: 0.9741
  val   Loss: 0.3458 Acc: 0.9138

Epoch 10/30
----------------------------------------
  train Loss: 0.0333 Acc: 0.9704
  val   Loss: 0.3142 Acc: 0.9368

Epoch 11/30
----------------------------------------
  train Loss: 0.0140 Acc: 0.9828
  val   Loss: 0.2998 Acc: 0.9425

Epoch 12/30
----------------------------------------
  train Loss: 0.0205 Acc: 0.9803
  val   Loss: 0.2956 Acc: 0.9425

Epoch 13/30
----------------------------------------
  train Loss: 0.0246 Acc: 0.9766
  val   Loss: 0.2859 Acc: 0.9425

Epoch 14/30
----------------------------------------
  train Loss: 0.0258 Acc: 0.9729
  val   Loss: 0.2910 Acc: 0.9540
  >> Model terbaik diperbarui! Val Acc: 0.9540

Epoch 15/30
----------------------------------------
  train Loss: 0.0235 Acc: 0.9815
  val   Loss: 0.2807 Acc: 0.9483

Epoch 16/30
----------------------------------------
  train Loss: 0.0227 Acc: 0.9754
  val   Loss: 0.2893 Acc: 0.9483

Epoch 17/30
----------------------------------------
  train Loss: 0.0313 Acc: 0.9766
  val   Loss: 0.2921 Acc: 0.9425

Epoch 18/30
----------------------------------------
  train Loss: 0.0365 Acc: 0.9754
  val   Loss: 0.2951 Acc: 0.9483

Epoch 19/30
----------------------------------------
  train Loss: 0.0213 Acc: 0.9803
  val   Loss: 0.2813 Acc: 0.9483

Epoch 20/30
----------------------------------------
  train Loss: 0.0219 Acc: 0.9791
  val   Loss: 0.2809 Acc: 0.9425

Epoch 21/30
----------------------------------------
  train Loss: 0.0254 Acc: 0.9791
  val   Loss: 0.2825 Acc: 0.9425

Epoch 22/30
----------------------------------------
  train Loss: 0.0230 Acc: 0.9791
  val   Loss: 0.2817 Acc: 0.9425

Epoch 23/30
----------------------------------------
  train Loss: 0.0162 Acc: 0.9803
  val   Loss: 0.2932 Acc: 0.9483

Epoch 24/30
----------------------------------------
  train Loss: 0.0254 Acc: 0.9766
  val   Loss: 0.2717 Acc: 0.9425

Epoch 25/30
----------------------------------------
  train Loss: 0.0165 Acc: 0.9828
  val   Loss: 0.2883 Acc: 0.9425

Epoch 26/30
----------------------------------------
  train Loss: 0.0258 Acc: 0.9741
  val   Loss: 0.2831 Acc: 0.9425

Epoch 27/30
----------------------------------------
  train Loss: 0.0196 Acc: 0.9803
  val   Loss: 0.2844 Acc: 0.9425

Epoch 28/30
----------------------------------------
  train Loss: 0.0175 Acc: 0.9803
  val   Loss: 0.2817 Acc: 0.9425

Epoch 29/30
----------------------------------------
  train Loss: 0.0175 Acc: 0.9815
  val   Loss: 0.2895 Acc: 0.9425

Epoch 30/30
----------------------------------------
  train Loss: 0.0254 Acc: 0.9766
  val   Loss: 0.2890 Acc: 0.9425

[SELESAI] L1 10% seed=123 - Best Val Acc: 0.9540
[INFO] Checkpoint disimpan: D:\S2 UMAYAH\TESIS\Pra Penelitian 2\checkpoints\ablation_l1_10pct_30ep_seed123.pth
[INFO] Inferensi: median=27.68 ms (rata-rata=28.25 +/- 2.21 ms, 300 runs, 30 warmup, 1 thread)

============================================================
HASIL EVALUASI
============================================================
  Akurasi      : 0.9540 (95.40%)
  Precision    : 0.9552
  Recall       : 0.9540
  F1-Score     : 0.9535
  Parameter    : 2,055,492
  Ukuran (MB)  : 7.96
  FLOPs        : 298.766 M
  Inferensi    : 27.68 ms (median, std=2.21, n=300)
============================================================

Classification Report:
                     precision    recall  f1-score   support

    Brown_Spot_Rice     0.8636    0.9500    0.9048        20
   Common_Rust_Corn     0.9500    1.0000    0.9744        19
Gray_Leaf_Spot_Corn     1.0000    0.9500    0.9744        20
       Healthy_Corn     1.0000    1.0000    1.0000        19
       Healthy_Rice     0.9500    1.0000    0.9744        19
  Healthy_Sugarcane     0.9474    0.9474    0.9474        19
    Leaf_Blast_Rice     0.9412    0.8000    0.8649        20
   Mosaic_Sugarcane     0.9474    0.9474    0.9474        19
     Rust_Sugarcane     1.0000    1.0000    1.0000        19

           accuracy                         0.9540       174
          macro avg     0.9555    0.9550    0.9542       174
       weighted avg     0.9552    0.9540    0.9535       174

[INFO] Inferensi: median=27.01 ms (rata-rata=27.26 +/- 1.09 ms, 300 runs, 30 warmup, 1 thread)

============================================================
HASIL EVALUASI
============================================================
  Akurasi      : 0.9486 (94.86%)
  Precision    : 0.9557
  Recall       : 0.9486
  F1-Score     : 0.9487
  Parameter    : 2,055,492
  Ukuran (MB)  : 7.96
  FLOPs        : 298.766 M
  Inferensi    : 27.01 ms (median, std=1.09, n=300)
============================================================

Classification Report:
                     precision    recall  f1-score   support

    Brown_Spot_Rice     0.7500    0.9474    0.8372        19
   Common_Rust_Corn     1.0000    1.0000    1.0000        19
Gray_Leaf_Spot_Corn     1.0000    1.0000    1.0000        19
       Healthy_Corn     1.0000    1.0000    1.0000        20
       Healthy_Rice     0.9500    0.9500    0.9500        20
  Healthy_Sugarcane     0.9500    0.9500    0.9500        20
    Leaf_Blast_Rice     1.0000    0.7368    0.8485        19
   Mosaic_Sugarcane     0.9474    0.9474    0.9474        19
     Rust_Sugarcane     1.0000    1.0000    1.0000        20

           accuracy                         0.9486       175
          macro avg     0.9553    0.9480    0.9481       175
       weighted avg     0.9557    0.9486    0.9487       175
D:\S2 UMAYAH\TESIS\Pra Penelitian 2\venv\Lib\site-packages\torch\utils\data\dataloader.py:1102: UserWarning: 'pin_memory' argument is set as true but no accelerator is found, then device pinned memory won't be used.
  super().__init__(loader)
D:\S2 UMAYAH\TESIS\Pra Penelitian 2\venv\Lib\site-packages\torch\utils\data\dataloader.py:1102: UserWarning: 'pin_memory' argument is set as true but no accelerator is found, then device pinned memory won't be used.
  super().__init__(loader)
D:\S2 UMAYAH\TESIS\Pra Penelitian 2\venv\Lib\site-packages\torch\utils\data\dataloader.py:1102: UserWarning: 'pin_memory' argument is set as true but no accelerator is found, then device pinned memory won't be used.
  super().__init__(loader)

[INFO] Hasil sementara disimpan: D:\S2 UMAYAH\TESIS\Pra Penelitian 2\outputs\multiseed_single_criteria_results.json

>>> Run 2/42 | l1 10% seed=2024 | Waktu berjalan: 57.0 menit (0.95 jam)
[TRAIN] 812 gambar, 9 kelas, batch_size=32
[VAL] 174 gambar, 9 kelas, batch_size=32
[TEST] 175 gambar, 9 kelas, batch_size=32

============================================================
L1 10% seed=2024 (mask identik di ketiga seed)
============================================================
[INFO] Training L1 10% seed=2024 pada cpu, 30 epoch, lr=0.0001

Epoch 1/30
----------------------------------------
  train Loss: 0.0862 Acc: 0.9594
  val   Loss: 0.3208 Acc: 0.8966
  >> Model terbaik diperbarui! Val Acc: 0.8966

Epoch 2/30
----------------------------------------
  train Loss: 0.0739 Acc: 0.9581
  val   Loss: 0.2786 Acc: 0.9368
  >> Model terbaik diperbarui! Val Acc: 0.9368

Epoch 3/30
----------------------------------------
  train Loss: 0.0789 Acc: 0.9544
  val   Loss: 0.2980 Acc: 0.9368

Epoch 4/30
----------------------------------------
  train Loss: 0.0573 Acc: 0.9680
  val   Loss: 0.2779 Acc: 0.9195

Epoch 5/30
----------------------------------------
  train Loss: 0.0486 Acc: 0.9692
  val   Loss: 0.2717 Acc: 0.9310

Epoch 6/30
----------------------------------------
  train Loss: 0.0337 Acc: 0.9791
  val   Loss: 0.2832 Acc: 0.9310

Epoch 7/30
----------------------------------------
  train Loss: 0.0363 Acc: 0.9704
  val   Loss: 0.2866 Acc: 0.9310

Epoch 8/30
----------------------------------------
  train Loss: 0.0428 Acc: 0.9729
  val   Loss: 0.3257 Acc: 0.9368

Epoch 9/30
----------------------------------------
  train Loss: 0.0266 Acc: 0.9791
  val   Loss: 0.2843 Acc: 0.9195

Epoch 10/30
----------------------------------------
  train Loss: 0.0265 Acc: 0.9791
  val   Loss: 0.2947 Acc: 0.9483
  >> Model terbaik diperbarui! Val Acc: 0.9483

Epoch 11/30
----------------------------------------
  train Loss: 0.0240 Acc: 0.9803
  val   Loss: 0.2812 Acc: 0.9368

Epoch 12/30
----------------------------------------
  train Loss: 0.0261 Acc: 0.9766
  val   Loss: 0.2889 Acc: 0.9483

Epoch 13/30
----------------------------------------
  train Loss: 0.0186 Acc: 0.9803
  val   Loss: 0.2940 Acc: 0.9483

Epoch 14/30
----------------------------------------
  train Loss: 0.0309 Acc: 0.9815
  val   Loss: 0.2927 Acc: 0.9368

Epoch 15/30
----------------------------------------
  train Loss: 0.0324 Acc: 0.9766
  val   Loss: 0.2947 Acc: 0.9425

Epoch 16/30
----------------------------------------
  train Loss: 0.0167 Acc: 0.9840
  val   Loss: 0.2908 Acc: 0.9425

Epoch 17/30
----------------------------------------
  train Loss: 0.0264 Acc: 0.9754
  val   Loss: 0.3036 Acc: 0.9425

Epoch 18/30
----------------------------------------
  train Loss: 0.0195 Acc: 0.9803
  val   Loss: 0.2955 Acc: 0.9368

Epoch 19/30
----------------------------------------
  train Loss: 0.0256 Acc: 0.9766
  val   Loss: 0.2971 Acc: 0.9368

Epoch 20/30
----------------------------------------
  train Loss: 0.0293 Acc: 0.9766
  val   Loss: 0.2898 Acc: 0.9368

Epoch 21/30
----------------------------------------
  train Loss: 0.0217 Acc: 0.9791
  val   Loss: 0.2821 Acc: 0.9368

Epoch 22/30
----------------------------------------
  train Loss: 0.0150 Acc: 0.9803
  val   Loss: 0.2859 Acc: 0.9483

Epoch 23/30
----------------------------------------
  train Loss: 0.0247 Acc: 0.9766
  val   Loss: 0.2881 Acc: 0.9425

Epoch 24/30
----------------------------------------
  train Loss: 0.0191 Acc: 0.9803
  val   Loss: 0.2886 Acc: 0.9368

Epoch 25/30
----------------------------------------
  train Loss: 0.0220 Acc: 0.9778
  val   Loss: 0.2945 Acc: 0.9425

Epoch 26/30
----------------------------------------
  train Loss: 0.0282 Acc: 0.9766
  val   Loss: 0.2935 Acc: 0.9483

Epoch 27/30
----------------------------------------
  train Loss: 0.0296 Acc: 0.9729
  val   Loss: 0.2922 Acc: 0.9425

Epoch 28/30
----------------------------------------
  train Loss: 0.0177 Acc: 0.9803
  val   Loss: 0.2900 Acc: 0.9310

Epoch 29/30
----------------------------------------
  train Loss: 0.0190 Acc: 0.9803
  val   Loss: 0.2903 Acc: 0.9368

Epoch 30/30
----------------------------------------
  train Loss: 0.0202 Acc: 0.9815
  val   Loss: 0.2902 Acc: 0.9368

[SELESAI] L1 10% seed=2024 - Best Val Acc: 0.9483
[INFO] Checkpoint disimpan: D:\S2 UMAYAH\TESIS\Pra Penelitian 2\checkpoints\ablation_l1_10pct_30ep_seed2024.pth
[INFO] Inferensi: median=28.37 ms (rata-rata=28.83 +/- 2.67 ms, 300 runs, 30 warmup, 1 thread)

============================================================
HASIL EVALUASI
============================================================
  Akurasi      : 0.9483 (94.83%)
  Precision    : 0.9496
  Recall       : 0.9483
  F1-Score     : 0.9477
  Parameter    : 2,055,492
  Ukuran (MB)  : 7.96
  FLOPs        : 298.766 M
  Inferensi    : 28.37 ms (median, std=2.67, n=300)
============================================================

Classification Report:
                     precision    recall  f1-score   support

    Brown_Spot_Rice     0.8636    0.9500    0.9048        20
   Common_Rust_Corn     1.0000    0.9474    0.9730        19
Gray_Leaf_Spot_Corn     0.9524    1.0000    0.9756        20
       Healthy_Corn     1.0000    1.0000    1.0000        19
       Healthy_Rice     0.9500    1.0000    0.9744        19
  Healthy_Sugarcane     0.9444    0.8947    0.9189        19
    Leaf_Blast_Rice     0.9412    0.8000    0.8649        20
   Mosaic_Sugarcane     0.9000    0.9474    0.9231        19
     Rust_Sugarcane     1.0000    1.0000    1.0000        19

           accuracy                         0.9483       174
          macro avg     0.9502    0.9488    0.9483       174
       weighted avg     0.9496    0.9483    0.9477       174

[INFO] Inferensi: median=28.15 ms (rata-rata=29.03 +/- 4.70 ms, 300 runs, 30 warmup, 1 thread)

============================================================
HASIL EVALUASI
============================================================
  Akurasi      : 0.9486 (94.86%)
  Precision    : 0.9538
  Recall       : 0.9486
  F1-Score     : 0.9488
  Parameter    : 2,055,492
  Ukuran (MB)  : 7.96
  FLOPs        : 298.766 M
  Inferensi    : 28.15 ms (median, std=4.70, n=300)
============================================================

Classification Report:
                     precision    recall  f1-score   support

    Brown_Spot_Rice     0.7826    0.9474    0.8571        19
   Common_Rust_Corn     1.0000    1.0000    1.0000        19
Gray_Leaf_Spot_Corn     1.0000    1.0000    1.0000        19
       Healthy_Corn     1.0000    1.0000    1.0000        20
       Healthy_Rice     0.9048    0.9500    0.9268        20
  Healthy_Sugarcane     0.9500    0.9500    0.9500        20
    Leaf_Blast_Rice     1.0000    0.7895    0.8824        19
   Mosaic_Sugarcane     0.9444    0.8947    0.9189        19
     Rust_Sugarcane     1.0000    1.0000    1.0000        20

           accuracy                         0.9486       175
          macro avg     0.9535    0.9480    0.9484       175
       weighted avg     0.9538    0.9486    0.9488       175

[INFO] Hasil sementara disimpan: D:\S2 UMAYAH\TESIS\Pra Penelitian 2\outputs\multiseed_single_criteria_results.json

>>> Run 3/42 | l1 20% seed=123 | Waktu berjalan: 112.9 menit (1.88 jam)
[Pruning] Rasio: 20%
  Channel total  : 7104
  Channel dipangkas: 1414
  Channel tersisa  : 5690
[TRAIN] 812 gambar, 9 kelas, batch_size=32
[VAL] 174 gambar, 9 kelas, batch_size=32
[TEST] 175 gambar, 9 kelas, batch_size=32

============================================================
L1 20% seed=123 (mask identik di ketiga seed)
============================================================
[INFO] Training L1 20% seed=123 pada cpu, 30 epoch, lr=0.0001

Epoch 1/30
----------------------------------------
  train Loss: 0.1187 Acc: 0.9483
  val   Loss: 0.2858 Acc: 0.9080
  >> Model terbaik diperbarui! Val Acc: 0.9080D:\S2 UMAYAH\TESIS\Pra Penelitian 2\venv\Lib\site-packages\torch\utils\data\dataloader.py:1102: UserWarning: 'pin_memory' argument is set as true but no accelerator is found, then device pinned memory won't be used.
  super().__init__(loader)
D:\S2 UMAYAH\TESIS\Pra Penelitian 2\venv\Lib\site-packages\torch\utils\data\dataloader.py:1102: UserWarning: 'pin_memory' argument is set as true but no accelerator is found, then device pinned memory won't be used.
  super().__init__(loader)


Epoch 2/30
----------------------------------------
  train Loss: 0.0766 Acc: 0.9594
  val   Loss: 0.2718 Acc: 0.9425
  >> Model terbaik diperbarui! Val Acc: 0.9425

Epoch 3/30
----------------------------------------
  train Loss: 0.0812 Acc: 0.9569
  val   Loss: 0.2541 Acc: 0.9368

Epoch 4/30
----------------------------------------
  train Loss: 0.0599 Acc: 0.9667
  val   Loss: 0.2733 Acc: 0.9253

Epoch 5/30
----------------------------------------
  train Loss: 0.0627 Acc: 0.9594
  val   Loss: 0.2876 Acc: 0.9310

Epoch 6/30
----------------------------------------
  train Loss: 0.0540 Acc: 0.9704
  val   Loss: 0.2765 Acc: 0.9310

Epoch 7/30
----------------------------------------
  train Loss: 0.0355 Acc: 0.9729
  val   Loss: 0.2814 Acc: 0.9195

Epoch 8/30
----------------------------------------
  train Loss: 0.0397 Acc: 0.9717
  val   Loss: 0.3587 Acc: 0.9195

Epoch 9/30
----------------------------------------
  train Loss: 0.0386 Acc: 0.9778
  val   Loss: 0.3240 Acc: 0.9195

Epoch 10/30
----------------------------------------
  train Loss: 0.0390 Acc: 0.9729
  val   Loss: 0.3063 Acc: 0.9253

Epoch 11/30
----------------------------------------
  train Loss: 0.0361 Acc: 0.9692
  val   Loss: 0.3126 Acc: 0.9310

Epoch 12/30
----------------------------------------
  train Loss: 0.0295 Acc: 0.9741
  val   Loss: 0.3053 Acc: 0.9253

Epoch 13/30
----------------------------------------
  train Loss: 0.0193 Acc: 0.9815
  val   Loss: 0.3020 Acc: 0.9310

Epoch 14/30
----------------------------------------
  train Loss: 0.0335 Acc: 0.9741
  val   Loss: 0.3057 Acc: 0.9195

Epoch 15/30
----------------------------------------
  train Loss: 0.0256 Acc: 0.9791
  val   Loss: 0.3118 Acc: 0.9253

Epoch 16/30
----------------------------------------
  train Loss: 0.0433 Acc: 0.9704
  val   Loss: 0.3035 Acc: 0.9138

Epoch 17/30
----------------------------------------
  train Loss: 0.0202 Acc: 0.9778
  val   Loss: 0.3120 Acc: 0.9195

Epoch 18/30
----------------------------------------
  train Loss: 0.0186 Acc: 0.9815
  val   Loss: 0.3051 Acc: 0.9195

Epoch 19/30
----------------------------------------
  train Loss: 0.0266 Acc: 0.9791
  val   Loss: 0.3174 Acc: 0.9138

Epoch 20/30
----------------------------------------
  train Loss: 0.0321 Acc: 0.9766
  val   Loss: 0.3222 Acc: 0.9138

Epoch 21/30
----------------------------------------
  train Loss: 0.0259 Acc: 0.9791
  val   Loss: 0.3281 Acc: 0.9195

Epoch 22/30
----------------------------------------
  train Loss: 0.0312 Acc: 0.9778
  val   Loss: 0.3228 Acc: 0.9138

Epoch 23/30
----------------------------------------
  train Loss: 0.0214 Acc: 0.9815
  val   Loss: 0.3219 Acc: 0.9253

Epoch 24/30
----------------------------------------
  train Loss: 0.0300 Acc: 0.9778
  val   Loss: 0.3188 Acc: 0.9195

Epoch 25/30
----------------------------------------
  train Loss: 0.0195 Acc: 0.9815
  val   Loss: 0.3146 Acc: 0.9195

Epoch 26/30
----------------------------------------
  train Loss: 0.0292 Acc: 0.9741
  val   Loss: 0.3222 Acc: 0.9253

Epoch 27/30
----------------------------------------
  train Loss: 0.0233 Acc: 0.9766
  val   Loss: 0.3103 Acc: 0.9253

Epoch 28/30
----------------------------------------
  train Loss: 0.0230 Acc: 0.9791
  val   Loss: 0.3171 Acc: 0.9253

Epoch 29/30
----------------------------------------
  train Loss: 0.0219 Acc: 0.9803
  val   Loss: 0.3117 Acc: 0.9253

Epoch 30/30
----------------------------------------
  train Loss: 0.0275 Acc: 0.9754
  val   Loss: 0.3172 Acc: 0.9080

[SELESAI] L1 20% seed=123 - Best Val Acc: 0.9425
[INFO] Checkpoint disimpan: D:\S2 UMAYAH\TESIS\Pra Penelitian 2\checkpoints\ablation_l1_20pct_30ep_seed123.pth
[INFO] Inferensi: median=24.45 ms (rata-rata=25.24 +/- 2.85 ms, 300 runs, 30 warmup, 1 thread)

============================================================
HASIL EVALUASI
============================================================
  Akurasi      : 0.9425 (94.25%)
  Precision    : 0.9439
  Recall       : 0.9425
  F1-Score     : 0.9420
  Parameter    : 1,874,851
  Ukuran (MB)  : 7.26
  FLOPs        : 270.837 M
  Inferensi    : 24.45 ms (median, std=2.85, n=300)
============================================================

Classification Report:
                     precision    recall  f1-score   support

    Brown_Spot_Rice     0.8636    0.9500    0.9048        20
   Common_Rust_Corn     1.0000    0.9474    0.9730        19
Gray_Leaf_Spot_Corn     0.9500    0.9500    0.9500        20
       Healthy_Corn     0.9500    1.0000    0.9744        19
       Healthy_Rice     0.9500    1.0000    0.9744        19
  Healthy_Sugarcane     0.9000    0.9474    0.9231        19
    Leaf_Blast_Rice     0.9412    0.8000    0.8649        20
   Mosaic_Sugarcane     0.9444    0.8947    0.9189        19
     Rust_Sugarcane     1.0000    1.0000    1.0000        19

           accuracy                         0.9425       174
          macro avg     0.9444    0.9433    0.9426       174
       weighted avg     0.9439    0.9425    0.9420       174

[INFO] Inferensi: median=24.74 ms (rata-rata=25.14 +/- 2.16 ms, 300 runs, 30 warmup, 1 thread)

============================================================
HASIL EVALUASI
============================================================
  Akurasi      : 0.9371 (93.71%)
  Precision    : 0.9447
  Recall       : 0.9371
  F1-Score     : 0.9357
  Parameter    : 1,874,851
  Ukuran (MB)  : 7.26
  FLOPs        : 270.837 M
  Inferensi    : 24.74 ms (median, std=2.16, n=300)
============================================================

Classification Report:
                     precision    recall  f1-score   support

    Brown_Spot_Rice     0.7917    1.0000    0.8837        19
   Common_Rust_Corn     0.9500    1.0000    0.9744        19
Gray_Leaf_Spot_Corn     1.0000    1.0000    1.0000        19
       Healthy_Corn     0.9524    1.0000    0.9756        20
       Healthy_Rice     0.9500    0.9500    0.9500        20
  Healthy_Sugarcane     0.9091    1.0000    0.9524        20
    Leaf_Blast_Rice     1.0000    0.7895    0.8824        19
   Mosaic_Sugarcane     1.0000    0.7368    0.8485        19
     Rust_Sugarcane     0.9500    0.9500    0.9500        20

           accuracy                         0.9371       175
          macro avg     0.9448    0.9363    0.9352       175
       weighted avg     0.9447    0.9371    0.9357       175

[INFO] Hasil sementara disimpan: D:\S2 UMAYAH\TESIS\Pra Penelitian 2\outputs\multiseed_single_criteria_results.json

>>> Run 4/42 | l1 20% seed=2024 | Waktu berjalan: 164.6 menit (2.74 jam)
[TRAIN] 812 gambar, 9 kelas, batch_size=32
[VAL] 174 gambar, 9 kelas, batch_size=32
[TEST] 175 gambar, 9 kelas, batch_size=32

============================================================
L1 20% seed=2024 (mask identik di ketiga seed)
============================================================
[INFO] Training L1 20% seed=2024 pada cpu, 30 epoch, lr=0.0001

Epoch 1/30
----------------------------------------
  train Loss: 0.0985 Acc: 0.9544
  val   Loss: 0.2803 Acc: 0.9195
  >> Model terbaik diperbarui! Val Acc: 0.9195

Epoch 2/30
----------------------------------------
  train Loss: 0.0653 Acc: 0.9606
  val   Loss: 0.2911 Acc: 0.9253
  >> Model terbaik diperbarui! Val Acc: 0.9253

Epoch 3/30
----------------------------------------
  train Loss: 0.0811 Acc: 0.9544
  val   Loss: 0.2747 Acc: 0.9483
  >> Model terbaik diperbarui! Val Acc: 0.9483

Epoch 4/30
----------------------------------------
  train Loss: 0.0720 Acc: 0.9594
  val   Loss: 0.2745 Acc: 0.9368

Epoch 5/30
----------------------------------------
  train Loss: 0.0677 Acc: 0.9569
  val   Loss: 0.3337 Acc: 0.9195

Epoch 6/30
----------------------------------------
  train Loss: 0.0546 Acc: 0.9655
  val   Loss: 0.3142 Acc: 0.9368

Epoch 7/30
----------------------------------------
  train Loss: 0.0557 Acc: 0.9667
  val   Loss: 0.2837 Acc: 0.9368

Epoch 8/30
----------------------------------------D:\S2 UMAYAH\TESIS\Pra Penelitian 2\venv\Lib\site-packages\torch\utils\data\dataloader.py:1102: UserWarning: 'pin_memory' argument is set as true but no accelerator is found, then device pinned memory won't be used.
  super().__init__(loader)
D:\S2 UMAYAH\TESIS\Pra Penelitian 2\venv\Lib\site-packages\torch\utils\data\dataloader.py:1102: UserWarning: 'pin_memory' argument is set as true but no accelerator is found, then device pinned memory won't be used.
  super().__init__(loader)

  train Loss: 0.0494 Acc: 0.9717
  val   Loss: 0.2617 Acc: 0.9368

Epoch 9/30
----------------------------------------
  train Loss: 0.0430 Acc: 0.9717
  val   Loss: 0.3292 Acc: 0.9368

Epoch 10/30
----------------------------------------
  train Loss: 0.0251 Acc: 0.9791
  val   Loss: 0.3211 Acc: 0.9310

Epoch 11/30
----------------------------------------
  train Loss: 0.0387 Acc: 0.9717
  val   Loss: 0.3099 Acc: 0.9253

Epoch 12/30
----------------------------------------
  train Loss: 0.0383 Acc: 0.9704
  val   Loss: 0.3152 Acc: 0.9310

Epoch 13/30
----------------------------------------
  train Loss: 0.0473 Acc: 0.9692
  val   Loss: 0.3331 Acc: 0.9310

Epoch 14/30
----------------------------------------
  train Loss: 0.0376 Acc: 0.9729
  val   Loss: 0.3288 Acc: 0.9253

Epoch 15/30
----------------------------------------
  train Loss: 0.0197 Acc: 0.9815
  val   Loss: 0.3093 Acc: 0.9310

Epoch 16/30
----------------------------------------
  train Loss: 0.0203 Acc: 0.9803
  val   Loss: 0.3025 Acc: 0.9425

Epoch 17/30
----------------------------------------
  train Loss: 0.0310 Acc: 0.9741
  val   Loss: 0.2939 Acc: 0.9310

Epoch 18/30
----------------------------------------
  train Loss: 0.0329 Acc: 0.9741
  val   Loss: 0.2920 Acc: 0.9368

Epoch 19/30
----------------------------------------
  train Loss: 0.0252 Acc: 0.9803
  val   Loss: 0.3025 Acc: 0.9425

Epoch 20/30
----------------------------------------
  train Loss: 0.0244 Acc: 0.9791
  val   Loss: 0.3094 Acc: 0.9483

Epoch 21/30
----------------------------------------
  train Loss: 0.0177 Acc: 0.9803
  val   Loss: 0.3160 Acc: 0.9368

Epoch 22/30
----------------------------------------
  train Loss: 0.0271 Acc: 0.9766
  val   Loss: 0.3165 Acc: 0.9368

Epoch 23/30
----------------------------------------
  train Loss: 0.0279 Acc: 0.9766
  val   Loss: 0.3040 Acc: 0.9253

Epoch 24/30
----------------------------------------
  train Loss: 0.0267 Acc: 0.9803
  val   Loss: 0.3003 Acc: 0.9310

Epoch 25/30
----------------------------------------
  train Loss: 0.0322 Acc: 0.9803
  val   Loss: 0.3166 Acc: 0.9425

Epoch 26/30
----------------------------------------
  train Loss: 0.0318 Acc: 0.9766
  val   Loss: 0.3127 Acc: 0.9425

Epoch 27/30
----------------------------------------
  train Loss: 0.0281 Acc: 0.9754
  val   Loss: 0.3116 Acc: 0.9425

Epoch 28/30
----------------------------------------
  train Loss: 0.0233 Acc: 0.9766
  val   Loss: 0.3081 Acc: 0.9483

Epoch 29/30
----------------------------------------
  train Loss: 0.0243 Acc: 0.9778
  val   Loss: 0.3029 Acc: 0.9425

Epoch 30/30
----------------------------------------
  train Loss: 0.0201 Acc: 0.9803
  val   Loss: 0.3026 Acc: 0.9368

[SELESAI] L1 20% seed=2024 - Best Val Acc: 0.9483
[INFO] Checkpoint disimpan: D:\S2 UMAYAH\TESIS\Pra Penelitian 2\checkpoints\ablation_l1_20pct_30ep_seed2024.pth
[INFO] Inferensi: median=23.81 ms (rata-rata=23.97 +/- 0.80 ms, 300 runs, 30 warmup, 1 thread)

============================================================
HASIL EVALUASI
============================================================
  Akurasi      : 0.9483 (94.83%)
  Precision    : 0.9495
  Recall       : 0.9483
  F1-Score     : 0.9479
  Parameter    : 1,874,851
  Ukuran (MB)  : 7.26
  FLOPs        : 270.837 M
  Inferensi    : 23.81 ms (median, std=0.80, n=300)
============================================================

Classification Report:
                     precision    recall  f1-score   support

    Brown_Spot_Rice     0.9048    0.9500    0.9268        20
   Common_Rust_Corn     1.0000    1.0000    1.0000        19
Gray_Leaf_Spot_Corn     1.0000    1.0000    1.0000        20
       Healthy_Corn     1.0000    1.0000    1.0000        19
       Healthy_Rice     0.9048    1.0000    0.9500        19
  Healthy_Sugarcane     0.9412    0.8421    0.8889        19
    Leaf_Blast_Rice     0.9444    0.8500    0.8947        20
   Mosaic_Sugarcane     0.8500    0.8947    0.8718        19
     Rust_Sugarcane     1.0000    1.0000    1.0000        19

           accuracy                         0.9483       174
          macro avg     0.9495    0.9485    0.9480       174
       weighted avg     0.9495    0.9483    0.9479       174

[INFO] Inferensi: median=27.15 ms (rata-rata=29.00 +/- 6.14 ms, 300 runs, 30 warmup, 1 thread)

============================================================
HASIL EVALUASI
============================================================
  Akurasi      : 0.9486 (94.86%)
  Precision    : 0.9519
  Recall       : 0.9486
  F1-Score     : 0.9489
  Parameter    : 1,874,851
  Ukuran (MB)  : 7.26
  FLOPs        : 270.837 M
  Inferensi    : 27.15 ms (median, std=6.14, n=300)
============================================================

Classification Report:
                     precision    recall  f1-score   support

    Brown_Spot_Rice     0.8182    0.9474    0.8780        19
   Common_Rust_Corn     1.0000    1.0000    1.0000        19
Gray_Leaf_Spot_Corn     0.9500    1.0000    0.9744        19
       Healthy_Corn     1.0000    0.9500    0.9744        20
       Healthy_Rice     0.9500    0.9500    0.9500        20
  Healthy_Sugarcane     1.0000    0.9000    0.9474        20
    Leaf_Blast_Rice     0.9412    0.8421    0.8889        19
   Mosaic_Sugarcane     0.9000    0.9474    0.9231        19
     Rust_Sugarcane     1.0000    1.0000    1.0000        20

           accuracy                         0.9486       175
          macro avg     0.9510    0.9485    0.9485       175
       weighted avg     0.9519    0.9486    0.9489       175

[INFO] Hasil sementara disimpan: D:\S2 UMAYAH\TESIS\Pra Penelitian 2\outputs\multiseed_single_criteria_results.json

>>> Run 5/42 | l1 30% seed=123 | Waktu berjalan: 218.4 menit (3.64 jam)
[Pruning] Rasio: 30%
  Channel total  : 7104
  Channel dipangkas: 2125
  Channel tersisa  : 4979
[TRAIN] 812 gambar, 9 kelas, batch_size=32
[VAL] 174 gambar, 9 kelas, batch_size=32
[TEST] 175 gambar, 9 kelas, batch_size=32

============================================================
L1 30% seed=123 (mask identik di ketiga seed)
============================================================
[INFO] Training L1 30% seed=123 pada cpu, 30 epoch, lr=0.0001

Epoch 1/30
----------------------------------------
  train Loss: 0.1684 Acc: 0.9200
  val   Loss: 0.3398 Acc: 0.8851
  >> Model terbaik diperbarui! Val Acc: 0.8851

Epoch 2/30
----------------------------------------
  train Loss: 0.0891 Acc: 0.9569
  val   Loss: 0.2664 Acc: 0.9080
  >> Model terbaik diperbarui! Val Acc: 0.9080

Epoch 3/30
----------------------------------------
  train Loss: 0.0691 Acc: 0.9631
  val   Loss: 0.2975 Acc: 0.9138
  >> Model terbaik diperbarui! Val Acc: 0.9138

Epoch 4/30
----------------------------------------
  train Loss: 0.0860 Acc: 0.9532
  val   Loss: 0.2895 Acc: 0.9138

Epoch 5/30
----------------------------------------
  train Loss: 0.0783 Acc: 0.9643
  val   Loss: 0.3519 Acc: 0.9138

Epoch 6/30
----------------------------------------
  train Loss: 0.0793 Acc: 0.9655
  val   Loss: 0.3077 Acc: 0.9310
  >> Model terbaik diperbarui! Val Acc: 0.9310

Epoch 7/30
----------------------------------------
  train Loss: 0.0923 Acc: 0.9569
  val   Loss: 0.3087 Acc: 0.9195

Epoch 8/30
----------------------------------------
  train Loss: 0.0529 Acc: 0.9704
  val   Loss: 0.2973 Acc: 0.9195

Epoch 9/30
----------------------------------------
  train Loss: 0.0437 Acc: 0.9717
  val   Loss: 0.2941 Acc: 0.9253

Epoch 10/30
----------------------------------------
  train Loss: 0.0448 Acc: 0.9717
  val   Loss: 0.2789 Acc: 0.9310

Epoch 11/30
----------------------------------------
  train Loss: 0.0449 Acc: 0.9667
  val   Loss: 0.2745 Acc: 0.9310

Epoch 12/30
----------------------------------------
  train Loss: 0.0442 Acc: 0.9667
  val   Loss: 0.2843 Acc: 0.9310

Epoch 13/30
----------------------------------------
  train Loss: 0.0494 Acc: 0.9717
  val   Loss: 0.2871 Acc: 0.9253D:\S2 UMAYAH\TESIS\Pra Penelitian 2\venv\Lib\site-packages\torch\utils\data\dataloader.py:1102: UserWarning: 'pin_memory' argument is set as true but no accelerator is found, then device pinned memory won't be used.
  super().__init__(loader)
D:\S2 UMAYAH\TESIS\Pra Penelitian 2\venv\Lib\site-packages\torch\utils\data\dataloader.py:1102: UserWarning: 'pin_memory' argument is set as true but no accelerator is found, then device pinned memory won't be used.
  super().__init__(loader)


Epoch 14/30
----------------------------------------
  train Loss: 0.0469 Acc: 0.9704
  val   Loss: 0.2825 Acc: 0.9253

Epoch 15/30
----------------------------------------
  train Loss: 0.0472 Acc: 0.9717
  val   Loss: 0.2729 Acc: 0.9368
  >> Model terbaik diperbarui! Val Acc: 0.9368

Epoch 16/30
----------------------------------------
  train Loss: 0.0418 Acc: 0.9729
  val   Loss: 0.2759 Acc: 0.9368

Epoch 17/30
----------------------------------------
  train Loss: 0.0303 Acc: 0.9778
  val   Loss: 0.2760 Acc: 0.9368

Epoch 18/30
----------------------------------------
  train Loss: 0.0386 Acc: 0.9717
  val   Loss: 0.2785 Acc: 0.9310

Epoch 19/30
----------------------------------------
  train Loss: 0.0329 Acc: 0.9766
  val   Loss: 0.2732 Acc: 0.9310

Epoch 20/30
----------------------------------------
  train Loss: 0.0469 Acc: 0.9680
  val   Loss: 0.2793 Acc: 0.9253

Epoch 21/30
----------------------------------------
  train Loss: 0.0339 Acc: 0.9778
  val   Loss: 0.2735 Acc: 0.9310

Epoch 22/30
----------------------------------------
  train Loss: 0.0359 Acc: 0.9717
  val   Loss: 0.2686 Acc: 0.9368

Epoch 23/30
----------------------------------------
  train Loss: 0.0353 Acc: 0.9778
  val   Loss: 0.2723 Acc: 0.9368

Epoch 24/30
----------------------------------------
  train Loss: 0.0258 Acc: 0.9803
  val   Loss: 0.2667 Acc: 0.9368

Epoch 25/30
----------------------------------------
  train Loss: 0.0264 Acc: 0.9803
  val   Loss: 0.2758 Acc: 0.9310

Epoch 26/30
----------------------------------------
  train Loss: 0.0316 Acc: 0.9766
  val   Loss: 0.2703 Acc: 0.9425
  >> Model terbaik diperbarui! Val Acc: 0.9425

Epoch 27/30
----------------------------------------
  train Loss: 0.0359 Acc: 0.9717
  val   Loss: 0.2753 Acc: 0.9310

Epoch 28/30
----------------------------------------
  train Loss: 0.0247 Acc: 0.9815
  val   Loss: 0.2735 Acc: 0.9310

Epoch 29/30
----------------------------------------
  train Loss: 0.0288 Acc: 0.9791
  val   Loss: 0.2702 Acc: 0.9310

Epoch 30/30
----------------------------------------
  train Loss: 0.0285 Acc: 0.9778
  val   Loss: 0.2747 Acc: 0.9310

[SELESAI] L1 30% seed=123 - Best Val Acc: 0.9425
[INFO] Checkpoint disimpan: D:\S2 UMAYAH\TESIS\Pra Penelitian 2\checkpoints\ablation_l1_30pct_30ep_seed123.pth
[INFO] Inferensi: median=22.86 ms (rata-rata=23.26 +/- 1.17 ms, 300 runs, 30 warmup, 1 thread)

============================================================
HASIL EVALUASI
============================================================
  Akurasi      : 0.9425 (94.25%)
  Precision    : 0.9425
  Recall       : 0.9425
  F1-Score     : 0.9422
  Parameter    : 1,694,216
  Ukuran (MB)  : 6.56
  FLOPs        : 242.938 M
  Inferensi    : 22.86 ms (median, std=1.17, n=300)
============================================================

Classification Report:
                     precision    recall  f1-score   support

    Brown_Spot_Rice     0.9000    0.9000    0.9000        20
   Common_Rust_Corn     0.9474    0.9474    0.9474        19
Gray_Leaf_Spot_Corn     0.9500    0.9500    0.9500        20
       Healthy_Corn     1.0000    1.0000    1.0000        19
       Healthy_Rice     0.9500    1.0000    0.9744        19
  Healthy_Sugarcane     0.9444    0.8947    0.9189        19
    Leaf_Blast_Rice     0.8947    0.8500    0.8718        20
   Mosaic_Sugarcane     0.9000    0.9474    0.9231        19
     Rust_Sugarcane     1.0000    1.0000    1.0000        19

           accuracy                         0.9425       174
          macro avg     0.9429    0.9433    0.9428       174
       weighted avg     0.9425    0.9425    0.9422       174

[INFO] Inferensi: median=22.67 ms (rata-rata=23.03 +/- 1.14 ms, 300 runs, 30 warmup, 1 thread)

============================================================
HASIL EVALUASI
============================================================
  Akurasi      : 0.9714 (97.14%)
  Precision    : 0.9743
  Recall       : 0.9714
  F1-Score     : 0.9717
  Parameter    : 1,694,216
  Ukuran (MB)  : 6.56
  FLOPs        : 242.938 M
  Inferensi    : 22.67 ms (median, std=1.14, n=300)
============================================================

Classification Report:
                     precision    recall  f1-score   support

    Brown_Spot_Rice     0.8636    1.0000    0.9268        19
   Common_Rust_Corn     0.9500    1.0000    0.9744        19
Gray_Leaf_Spot_Corn     1.0000    1.0000    1.0000        19
       Healthy_Corn     1.0000    1.0000    1.0000        20
       Healthy_Rice     1.0000    0.9500    0.9744        20
  Healthy_Sugarcane     0.9524    1.0000    0.9756        20
    Leaf_Blast_Rice     1.0000    0.8947    0.9444        19
   Mosaic_Sugarcane     1.0000    0.9474    0.9730        19
     Rust_Sugarcane     1.0000    0.9500    0.9744        20

           accuracy                         0.9714       175
          macro avg     0.9740    0.9713    0.9714       175
       weighted avg     0.9743    0.9714    0.9717       175

[INFO] Hasil sementara disimpan: D:\S2 UMAYAH\TESIS\Pra Penelitian 2\outputs\multiseed_single_criteria_results.json

>>> Run 6/42 | l1 30% seed=2024 | Waktu berjalan: 267.7 menit (4.46 jam)
[TRAIN] 812 gambar, 9 kelas, batch_size=32
[VAL] 174 gambar, 9 kelas, batch_size=32
[TEST] 175 gambar, 9 kelas, batch_size=32

============================================================
L1 30% seed=2024 (mask identik di ketiga seed)
============================================================
[INFO] Training L1 30% seed=2024 pada cpu, 30 epoch, lr=0.0001

Epoch 1/30
----------------------------------------
  train Loss: 0.1812 Acc: 0.9200
  val   Loss: 0.3556 Acc: 0.8736
  >> Model terbaik diperbarui! Val Acc: 0.8736

Epoch 2/30
----------------------------------------
  train Loss: 0.1190 Acc: 0.9421
  val   Loss: 0.2767 Acc: 0.9023
  >> Model terbaik diperbarui! Val Acc: 0.9023

Epoch 3/30
----------------------------------------
  train Loss: 0.1031 Acc: 0.9532
  val   Loss: 0.2348 Acc: 0.9310
  >> Model terbaik diperbarui! Val Acc: 0.9310

Epoch 4/30
----------------------------------------
  train Loss: 0.0906 Acc: 0.9581
  val   Loss: 0.2691 Acc: 0.9310

Epoch 5/30
----------------------------------------
  train Loss: 0.0947 Acc: 0.9544
  val   Loss: 0.3023 Acc: 0.9253

Epoch 6/30
----------------------------------------
  train Loss: 0.0625 Acc: 0.9667
  val   Loss: 0.2850 Acc: 0.9138

Epoch 7/30
----------------------------------------
  train Loss: 0.0828 Acc: 0.9557
  val   Loss: 0.2778 Acc: 0.9195

Epoch 8/30
----------------------------------------
  train Loss: 0.0583 Acc: 0.9631
  val   Loss: 0.2918 Acc: 0.9253

Epoch 9/30
----------------------------------------
  train Loss: 0.0434 Acc: 0.9717
  val   Loss: 0.2919 Acc: 0.9310

Epoch 10/30
----------------------------------------
  train Loss: 0.0572 Acc: 0.9692
  val   Loss: 0.3016 Acc: 0.9310

Epoch 11/30
----------------------------------------
  train Loss: 0.0574 Acc: 0.9680
  val   Loss: 0.2941 Acc: 0.9310

Epoch 12/30
----------------------------------------
  train Loss: 0.0455 Acc: 0.9704
  val   Loss: 0.2854 Acc: 0.9310

Epoch 13/30
----------------------------------------
  train Loss: 0.0273 Acc: 0.9791
  val   Loss: 0.2950 Acc: 0.9253

Epoch 14/30
----------------------------------------
  train Loss: 0.0456 Acc: 0.9692
  val   Loss: 0.2794 Acc: 0.9253

Epoch 15/30
----------------------------------------
  train Loss: 0.0438 Acc: 0.9680
  val   Loss: 0.2895 Acc: 0.9253

Epoch 16/30
----------------------------------------
  train Loss: 0.0394 Acc: 0.9729
  val   Loss: 0.2759 Acc: 0.9368
  >> Model terbaik diperbarui! Val Acc: 0.9368

Epoch 17/30
----------------------------------------
  train Loss: 0.0314 Acc: 0.9741
  val   Loss: 0.2836 Acc: 0.9253

Epoch 18/30
----------------------------------------
  train Loss: 0.0419 Acc: 0.9741
  val   Loss: 0.2840 Acc: 0.9253

Epoch 19/30
----------------------------------------D:\S2 UMAYAH\TESIS\Pra Penelitian 2\venv\Lib\site-packages\torch\utils\data\dataloader.py:1102: UserWarning: 'pin_memory' argument is set as true but no accelerator is found, then device pinned memory won't be used.
  super().__init__(loader)
D:\S2 UMAYAH\TESIS\Pra Penelitian 2\venv\Lib\site-packages\torch\utils\data\dataloader.py:1102: UserWarning: 'pin_memory' argument is set as true but no accelerator is found, then device pinned memory won't be used.
  super().__init__(loader)

  train Loss: 0.0439 Acc: 0.9717
  val   Loss: 0.2846 Acc: 0.9310

Epoch 20/30
----------------------------------------
  train Loss: 0.0410 Acc: 0.9729
  val   Loss: 0.2876 Acc: 0.9195

Epoch 21/30
----------------------------------------
  train Loss: 0.0246 Acc: 0.9803
  val   Loss: 0.2734 Acc: 0.9253

Epoch 22/30
----------------------------------------
  train Loss: 0.0455 Acc: 0.9667
  val   Loss: 0.2924 Acc: 0.9253

Epoch 23/30
----------------------------------------
  train Loss: 0.0322 Acc: 0.9754
  val   Loss: 0.2783 Acc: 0.9310

Epoch 24/30
----------------------------------------
  train Loss: 0.0355 Acc: 0.9717
  val   Loss: 0.2809 Acc: 0.9253

Epoch 25/30
----------------------------------------
  train Loss: 0.0512 Acc: 0.9680
  val   Loss: 0.2894 Acc: 0.9310

Epoch 26/30
----------------------------------------
  train Loss: 0.0368 Acc: 0.9704
  val   Loss: 0.2830 Acc: 0.9253

Epoch 27/30
----------------------------------------
  train Loss: 0.0411 Acc: 0.9766
  val   Loss: 0.2862 Acc: 0.9253

Epoch 28/30
----------------------------------------
  train Loss: 0.0409 Acc: 0.9729
  val   Loss: 0.2777 Acc: 0.9253

Epoch 29/30
----------------------------------------
  train Loss: 0.0309 Acc: 0.9791
  val   Loss: 0.2867 Acc: 0.9195

Epoch 30/30
----------------------------------------
  train Loss: 0.0484 Acc: 0.9704
  val   Loss: 0.2779 Acc: 0.9310

[SELESAI] L1 30% seed=2024 - Best Val Acc: 0.9368
[INFO] Checkpoint disimpan: D:\S2 UMAYAH\TESIS\Pra Penelitian 2\checkpoints\ablation_l1_30pct_30ep_seed2024.pth
[INFO] Inferensi: median=27.60 ms (rata-rata=27.61 +/- 2.52 ms, 300 runs, 30 warmup, 1 thread)

============================================================
HASIL EVALUASI
============================================================
  Akurasi      : 0.9368 (93.68%)
  Precision    : 0.9379
  Recall       : 0.9368
  F1-Score     : 0.9362
  Parameter    : 1,694,216
  Ukuran (MB)  : 6.56
  FLOPs        : 242.938 M
  Inferensi    : 27.60 ms (median, std=2.52, n=300)
============================================================

Classification Report:
                     precision    recall  f1-score   support

    Brown_Spot_Rice     0.8571    0.9000    0.8780        20
   Common_Rust_Corn     0.9474    0.9474    0.9474        19
Gray_Leaf_Spot_Corn     0.9500    0.9500    0.9500        20
       Healthy_Corn     1.0000    1.0000    1.0000        19
       Healthy_Rice     0.9048    1.0000    0.9500        19
  Healthy_Sugarcane     0.9444    0.8947    0.9189        19
    Leaf_Blast_Rice     0.9412    0.8000    0.8649        20
   Mosaic_Sugarcane     0.9000    0.9474    0.9231        19
     Rust_Sugarcane     1.0000    1.0000    1.0000        19

           accuracy                         0.9368       174
          macro avg     0.9383    0.9377    0.9369       174
       weighted avg     0.9379    0.9368    0.9362       174

[INFO] Inferensi: median=28.91 ms (rata-rata=29.25 +/- 3.88 ms, 300 runs, 30 warmup, 1 thread)

============================================================
HASIL EVALUASI
============================================================
  Akurasi      : 0.9486 (94.86%)
  Precision    : 0.9510
  Recall       : 0.9486
  F1-Score     : 0.9488
  Parameter    : 1,694,216
  Ukuran (MB)  : 6.56
  FLOPs        : 242.938 M
  Inferensi    : 28.91 ms (median, std=3.88, n=300)
============================================================

Classification Report:
                     precision    recall  f1-score   support

    Brown_Spot_Rice     0.8571    0.9474    0.9000        19
   Common_Rust_Corn     0.9500    1.0000    0.9744        19
Gray_Leaf_Spot_Corn     1.0000    0.9474    0.9730        19
       Healthy_Corn     0.9524    1.0000    0.9756        20
       Healthy_Rice     0.9500    0.9500    0.9500        20
  Healthy_Sugarcane     0.9048    0.9500    0.9268        20
    Leaf_Blast_Rice     1.0000    0.8947    0.9444        19
   Mosaic_Sugarcane     0.9444    0.8947    0.9189        19
     Rust_Sugarcane     1.0000    0.9500    0.9744        20

           accuracy                         0.9486       175
          macro avg     0.9510    0.9482    0.9486       175
       weighted avg     0.9510    0.9486    0.9488       175

[INFO] Hasil sementara disimpan: D:\S2 UMAYAH\TESIS\Pra Penelitian 2\outputs\multiseed_single_criteria_results.json

>>> Run 7/42 | l1 40% seed=123 | Waktu berjalan: 316.4 menit (5.27 jam)
[Pruning] Rasio: 40%
  Channel total  : 7104
  Channel dipangkas: 2834
  Channel tersisa  : 4270
[TRAIN] 812 gambar, 9 kelas, batch_size=32
[VAL] 174 gambar, 9 kelas, batch_size=32
[TEST] 175 gambar, 9 kelas, batch_size=32

============================================================
L1 40% seed=123 (mask identik di ketiga seed)
============================================================
[INFO] Training L1 40% seed=123 pada cpu, 30 epoch, lr=0.0001

Epoch 1/30
----------------------------------------
  train Loss: 0.3136 Acc: 0.8682
  val   Loss: 0.4648 Acc: 0.8391
  >> Model terbaik diperbarui! Val Acc: 0.8391

Epoch 2/30
----------------------------------------
  train Loss: 0.2046 Acc: 0.9150
  val   Loss: 0.2916 Acc: 0.9023
  >> Model terbaik diperbarui! Val Acc: 0.9023

Epoch 3/30
----------------------------------------
  train Loss: 0.1341 Acc: 0.9372
  val   Loss: 0.2988 Acc: 0.9080
  >> Model terbaik diperbarui! Val Acc: 0.9080

Epoch 4/30
----------------------------------------
  train Loss: 0.1443 Acc: 0.9323
  val   Loss: 0.2822 Acc: 0.9195
  >> Model terbaik diperbarui! Val Acc: 0.9195

Epoch 5/30
----------------------------------------
  train Loss: 0.1298 Acc: 0.9446
  val   Loss: 0.2824 Acc: 0.9080

Epoch 6/30
----------------------------------------
  train Loss: 0.1061 Acc: 0.9495
  val   Loss: 0.2802 Acc: 0.9080

Epoch 7/30
----------------------------------------
  train Loss: 0.0821 Acc: 0.9594
  val   Loss: 0.2979 Acc: 0.9195

Epoch 8/30
----------------------------------------
  train Loss: 0.0947 Acc: 0.9557
  val   Loss: 0.3196 Acc: 0.8966

Epoch 9/30
----------------------------------------
  train Loss: 0.0735 Acc: 0.9581
  val   Loss: 0.3089 Acc: 0.9253
  >> Model terbaik diperbarui! Val Acc: 0.9253

Epoch 10/30
----------------------------------------
  train Loss: 0.0766 Acc: 0.9643
  val   Loss: 0.2946 Acc: 0.9080

Epoch 11/30
----------------------------------------
  train Loss: 0.0603 Acc: 0.9667
  val   Loss: 0.2881 Acc: 0.9195

Epoch 12/30
----------------------------------------
  train Loss: 0.0826 Acc: 0.9557
  val   Loss: 0.3001 Acc: 0.9253

Epoch 13/30
----------------------------------------
  train Loss: 0.0570 Acc: 0.9680
  val   Loss: 0.2938 Acc: 0.9195

Epoch 14/30
----------------------------------------
  train Loss: 0.0761 Acc: 0.9618
  val   Loss: 0.2995 Acc: 0.9310
  >> Model terbaik diperbarui! Val Acc: 0.9310

Epoch 15/30
----------------------------------------
  train Loss: 0.0463 Acc: 0.9729
  val   Loss: 0.3034 Acc: 0.9368
  >> Model terbaik diperbarui! Val Acc: 0.9368

Epoch 16/30
----------------------------------------
  train Loss: 0.0494 Acc: 0.9704
  val   Loss: 0.3006 Acc: 0.9310

Epoch 17/30
----------------------------------------
  train Loss: 0.0533 Acc: 0.9704
  val   Loss: 0.2970 Acc: 0.9368

Epoch 18/30
----------------------------------------
  train Loss: 0.0579 Acc: 0.9729
  val   Loss: 0.2957 Acc: 0.9310

Epoch 19/30
----------------------------------------
  train Loss: 0.0426 Acc: 0.9754
  val   Loss: 0.2982 Acc: 0.9310

Epoch 20/30
----------------------------------------
  train Loss: 0.0496 Acc: 0.9667
  val   Loss: 0.2975 Acc: 0.9310

Epoch 21/30
----------------------------------------
  train Loss: 0.0674 Acc: 0.9594
  val   Loss: 0.3047 Acc: 0.9253

Epoch 22/30
----------------------------------------
  train Loss: 0.0456 Acc: 0.9741
  val   Loss: 0.3009 Acc: 0.9310

Epoch 23/30
----------------------------------------
  train Loss: 0.0502 Acc: 0.9692D:\S2 UMAYAH\TESIS\Pra Penelitian 2\venv\Lib\site-packages\torch\utils\data\dataloader.py:1102: UserWarning: 'pin_memory' argument is set as true but no accelerator is found, then device pinned memory won't be used.
  super().__init__(loader)
D:\S2 UMAYAH\TESIS\Pra Penelitian 2\venv\Lib\site-packages\torch\utils\data\dataloader.py:1102: UserWarning: 'pin_memory' argument is set as true but no accelerator is found, then device pinned memory won't be used.
  super().__init__(loader)

  val   Loss: 0.2990 Acc: 0.9310

Epoch 24/30
----------------------------------------
  train Loss: 0.0492 Acc: 0.9729
  val   Loss: 0.2998 Acc: 0.9310

Epoch 25/30
----------------------------------------
  train Loss: 0.0616 Acc: 0.9594
  val   Loss: 0.2976 Acc: 0.9253

Epoch 26/30
----------------------------------------
  train Loss: 0.0538 Acc: 0.9692
  val   Loss: 0.3057 Acc: 0.9253

Epoch 27/30
----------------------------------------
  train Loss: 0.0581 Acc: 0.9655
  val   Loss: 0.2991 Acc: 0.9368

Epoch 28/30
----------------------------------------
  train Loss: 0.0479 Acc: 0.9704
  val   Loss: 0.3123 Acc: 0.9310

Epoch 29/30
----------------------------------------
  train Loss: 0.0508 Acc: 0.9704
  val   Loss: 0.3059 Acc: 0.9310

Epoch 30/30
----------------------------------------
  train Loss: 0.0547 Acc: 0.9692
  val   Loss: 0.3002 Acc: 0.9310

[SELESAI] L1 40% seed=123 - Best Val Acc: 0.9368
[INFO] Checkpoint disimpan: D:\S2 UMAYAH\TESIS\Pra Penelitian 2\checkpoints\ablation_l1_40pct_30ep_seed123.pth
[INFO] Inferensi: median=18.98 ms (rata-rata=19.19 +/- 0.71 ms, 300 runs, 30 warmup, 1 thread)

============================================================
HASIL EVALUASI
============================================================
  Akurasi      : 0.9368 (93.68%)
  Precision    : 0.9377
  Recall       : 0.9368
  F1-Score     : 0.9360
  Parameter    : 1,513,575
  Ukuran (MB)  : 5.86
  FLOPs        : 215.009 M
  Inferensi    : 18.98 ms (median, std=0.71, n=300)
============================================================

Classification Report:
                     precision    recall  f1-score   support

    Brown_Spot_Rice     0.8182    0.9000    0.8571        20
   Common_Rust_Corn     0.9500    1.0000    0.9744        19
Gray_Leaf_Spot_Corn     1.0000    0.9500    0.9744        20
       Healthy_Corn     1.0000    1.0000    1.0000        19
       Healthy_Rice     0.9500    1.0000    0.9744        19
  Healthy_Sugarcane     0.9444    0.8947    0.9189        19
    Leaf_Blast_Rice     0.8824    0.7500    0.8108        20
   Mosaic_Sugarcane     0.9000    0.9474    0.9231        19
     Rust_Sugarcane     1.0000    1.0000    1.0000        19

           accuracy                         0.9368       174
          macro avg     0.9383    0.9380    0.9370       174
       weighted avg     0.9377    0.9368    0.9360       174

[INFO] Inferensi: median=18.52 ms (rata-rata=18.78 +/- 1.13 ms, 300 runs, 30 warmup, 1 thread)

============================================================
HASIL EVALUASI
============================================================
  Akurasi      : 0.9429 (94.29%)
  Precision    : 0.9441
  Recall       : 0.9429
  F1-Score     : 0.9428
  Parameter    : 1,513,575
  Ukuran (MB)  : 5.86
  FLOPs        : 215.009 M
  Inferensi    : 18.52 ms (median, std=1.13, n=300)
============================================================

Classification Report:
                     precision    recall  f1-score   support

    Brown_Spot_Rice     0.8571    0.9474    0.9000        19
   Common_Rust_Corn     0.9500    1.0000    0.9744        19
Gray_Leaf_Spot_Corn     1.0000    1.0000    1.0000        19
       Healthy_Corn     1.0000    1.0000    1.0000        20
       Healthy_Rice     0.9500    0.9500    0.9500        20
  Healthy_Sugarcane     0.9000    0.9000    0.9000        20
    Leaf_Blast_Rice     1.0000    0.8947    0.9444        19
   Mosaic_Sugarcane     0.8889    0.8421    0.8649        19
     Rust_Sugarcane     0.9500    0.9500    0.9500        20

           accuracy                         0.9429       175
          macro avg     0.9440    0.9427    0.9426       175
       weighted avg     0.9441    0.9429    0.9428       175

[INFO] Hasil sementara disimpan: D:\S2 UMAYAH\TESIS\Pra Penelitian 2\outputs\multiseed_single_criteria_results.json

>>> Run 8/42 | l1 40% seed=2024 | Waktu berjalan: 361.4 menit (6.02 jam)
[TRAIN] 812 gambar, 9 kelas, batch_size=32
[VAL] 174 gambar, 9 kelas, batch_size=32
[TEST] 175 gambar, 9 kelas, batch_size=32

============================================================
L1 40% seed=2024 (mask identik di ketiga seed)
============================================================
[INFO] Training L1 40% seed=2024 pada cpu, 30 epoch, lr=0.0001

Epoch 1/30
----------------------------------------
  train Loss: 0.3480 Acc: 0.8584
  val   Loss: 0.4015 Acc: 0.8678
  >> Model terbaik diperbarui! Val Acc: 0.8678

Epoch 2/30
----------------------------------------
  train Loss: 0.2254 Acc: 0.9015
  val   Loss: 0.3125 Acc: 0.8908
  >> Model terbaik diperbarui! Val Acc: 0.8908

Epoch 3/30
----------------------------------------
  train Loss: 0.1574 Acc: 0.9372
  val   Loss: 0.2848 Acc: 0.9138
  >> Model terbaik diperbarui! Val Acc: 0.9138

Epoch 4/30
----------------------------------------
  train Loss: 0.1579 Acc: 0.9187
  val   Loss: 0.2773 Acc: 0.9195
  >> Model terbaik diperbarui! Val Acc: 0.9195

Epoch 5/30
----------------------------------------
  train Loss: 0.0941 Acc: 0.9557
  val   Loss: 0.3014 Acc: 0.9195

Epoch 6/30
----------------------------------------
  train Loss: 0.1162 Acc: 0.9409
  val   Loss: 0.2993 Acc: 0.8966

Epoch 7/30
----------------------------------------
  train Loss: 0.0924 Acc: 0.9581
  val   Loss: 0.2908 Acc: 0.9138

Epoch 8/30
----------------------------------------
  train Loss: 0.0940 Acc: 0.9532
  val   Loss: 0.2803 Acc: 0.9195

Epoch 9/30
----------------------------------------
  train Loss: 0.0719 Acc: 0.9655
  val   Loss: 0.3191 Acc: 0.9195

Epoch 10/30
----------------------------------------
  train Loss: 0.0998 Acc: 0.9507
  val   Loss: 0.3211 Acc: 0.9138

Epoch 11/30
----------------------------------------
  train Loss: 0.0558 Acc: 0.9704
  val   Loss: 0.3230 Acc: 0.9195

Epoch 12/30
----------------------------------------
  train Loss: 0.0424 Acc: 0.9741
  val   Loss: 0.3210 Acc: 0.9138

Epoch 13/30
----------------------------------------
  train Loss: 0.0609 Acc: 0.9717
  val   Loss: 0.3140 Acc: 0.9138

Epoch 14/30
----------------------------------------
  train Loss: 0.0689 Acc: 0.9643
  val   Loss: 0.3181 Acc: 0.9138

Epoch 15/30
----------------------------------------
  train Loss: 0.0560 Acc: 0.9643
  val   Loss: 0.2923 Acc: 0.9195

Epoch 16/30
----------------------------------------
  train Loss: 0.0650 Acc: 0.9667
  val   Loss: 0.2949 Acc: 0.9195

Epoch 17/30
----------------------------------------
  train Loss: 0.0623 Acc: 0.9606
  val   Loss: 0.3031 Acc: 0.9023

Epoch 18/30
----------------------------------------
  train Loss: 0.0536 Acc: 0.9754
  val   Loss: 0.2986 Acc: 0.9195

Epoch 19/30
----------------------------------------
  train Loss: 0.0579 Acc: 0.9692
  val   Loss: 0.2953 Acc: 0.9253
  >> Model terbaik diperbarui! Val Acc: 0.9253

Epoch 20/30
----------------------------------------
  train Loss: 0.0491 Acc: 0.9680
  val   Loss: 0.2884 Acc: 0.9310
  >> Model terbaik diperbarui! Val Acc: 0.9310

Epoch 21/30
----------------------------------------
  train Loss: 0.0674 Acc: 0.9631
  val   Loss: 0.2876 Acc: 0.9253

Epoch 22/30
----------------------------------------
  train Loss: 0.0570 Acc: 0.9704
  val   Loss: 0.2918 Acc: 0.9253

Epoch 23/30
----------------------------------------
  train Loss: 0.0682 Acc: 0.9655
  val   Loss: 0.2915 Acc: 0.9368
  >> Model terbaik diperbarui! Val Acc: 0.9368

Epoch 24/30
----------------------------------------
  train Loss: 0.0544 Acc: 0.9680
  val   Loss: 0.2926 Acc: 0.9310

Epoch 25/30
----------------------------------------
  train Loss: 0.0411 Acc: 0.9754
  val   Loss: 0.2903 Acc: 0.9368

Epoch 26/30
----------------------------------------
  train Loss: 0.0487 Acc: 0.9680
  val   Loss: 0.2987 Acc: 0.9253

Epoch 27/30
----------------------------------------
  train Loss: 0.0538 Acc: 0.9717
  val   Loss: 0.2971 Acc: 0.9195

Epoch 28/30
----------------------------------------
  train Loss: 0.0517 Acc: 0.9717
  val   Loss: 0.2907 Acc: 0.9310D:\S2 UMAYAH\TESIS\Pra Penelitian 2\venv\Lib\site-packages\torch\utils\data\dataloader.py:1102: UserWarning: 'pin_memory' argument is set as true but no accelerator is found, then device pinned memory won't be used.
  super().__init__(loader)
D:\S2 UMAYAH\TESIS\Pra Penelitian 2\venv\Lib\site-packages\torch\utils\data\dataloader.py:1102: UserWarning: 'pin_memory' argument is set as true but no accelerator is found, then device pinned memory won't be used.
  super().__init__(loader)


Epoch 29/30
----------------------------------------
  train Loss: 0.0452 Acc: 0.9741
  val   Loss: 0.2924 Acc: 0.9253

Epoch 30/30
----------------------------------------
  train Loss: 0.0573 Acc: 0.9655
  val   Loss: 0.2940 Acc: 0.9253

[SELESAI] L1 40% seed=2024 - Best Val Acc: 0.9368
[INFO] Checkpoint disimpan: D:\S2 UMAYAH\TESIS\Pra Penelitian 2\checkpoints\ablation_l1_40pct_30ep_seed2024.pth
[INFO] Inferensi: median=18.82 ms (rata-rata=19.22 +/- 1.39 ms, 300 runs, 30 warmup, 1 thread)

============================================================
HASIL EVALUASI
============================================================
  Akurasi      : 0.9368 (93.68%)
  Precision    : 0.9380
  Recall       : 0.9368
  F1-Score     : 0.9363
  Parameter    : 1,513,575
  Ukuran (MB)  : 5.86
  FLOPs        : 215.009 M
  Inferensi    : 18.82 ms (median, std=1.39, n=300)
============================================================

Classification Report:
                     precision    recall  f1-score   support

    Brown_Spot_Rice     0.9000    0.9000    0.9000        20
   Common_Rust_Corn     0.9500    1.0000    0.9744        19
Gray_Leaf_Spot_Corn     1.0000    0.9000    0.9474        20
       Healthy_Corn     0.9500    1.0000    0.9744        19
       Healthy_Rice     0.9500    1.0000    0.9744        19
  Healthy_Sugarcane     0.9412    0.8421    0.8889        19
    Leaf_Blast_Rice     0.8947    0.8500    0.8718        20
   Mosaic_Sugarcane     0.8571    0.9474    0.9000        19
     Rust_Sugarcane     1.0000    1.0000    1.0000        19

           accuracy                         0.9368       174
          macro avg     0.9381    0.9377    0.9368       174
       weighted avg     0.9380    0.9368    0.9363       174

[INFO] Inferensi: median=18.46 ms (rata-rata=18.55 +/- 0.42 ms, 300 runs, 30 warmup, 1 thread)

============================================================
HASIL EVALUASI
============================================================
  Akurasi      : 0.9486 (94.86%)
  Precision    : 0.9517
  Recall       : 0.9486
  F1-Score     : 0.9482
  Parameter    : 1,513,575
  Ukuran (MB)  : 5.86
  FLOPs        : 215.009 M
  Inferensi    : 18.46 ms (median, std=0.42, n=300)
============================================================

Classification Report:
                     precision    recall  f1-score   support

    Brown_Spot_Rice     0.8636    1.0000    0.9268        19
   Common_Rust_Corn     0.9500    1.0000    0.9744        19
Gray_Leaf_Spot_Corn     1.0000    1.0000    1.0000        19
       Healthy_Corn     1.0000    1.0000    1.0000        20
       Healthy_Rice     1.0000    0.9500    0.9744        20
  Healthy_Sugarcane     0.8636    0.9500    0.9048        20
    Leaf_Blast_Rice     1.0000    0.8947    0.9444        19
   Mosaic_Sugarcane     0.9375    0.7895    0.8571        19
     Rust_Sugarcane     0.9500    0.9500    0.9500        20

           accuracy                         0.9486       175
          macro avg     0.9516    0.9482    0.9480       175
       weighted avg     0.9517    0.9486    0.9482       175

[INFO] Hasil sementara disimpan: D:\S2 UMAYAH\TESIS\Pra Penelitian 2\outputs\multiseed_single_criteria_results.json

>>> Run 9/42 | l1 50% seed=123 | Waktu berjalan: 406.0 menit (6.77 jam)
[Pruning] Rasio: 50%
  Channel total  : 7104
  Channel dipangkas: 3552
  Channel tersisa  : 3552
[TRAIN] 812 gambar, 9 kelas, batch_size=32
[VAL] 174 gambar, 9 kelas, batch_size=32
[TEST] 175 gambar, 9 kelas, batch_size=32

============================================================
L1 50% seed=123 (mask identik di ketiga seed)
============================================================
[INFO] Training L1 50% seed=123 pada cpu, 30 epoch, lr=0.0001

Epoch 1/30
----------------------------------------
  train Loss: 0.5367 Acc: 0.8017
  val   Loss: 0.6647 Acc: 0.7701
  >> Model terbaik diperbarui! Val Acc: 0.7701

Epoch 2/30
----------------------------------------
  train Loss: 0.3078 Acc: 0.8719
  val   Loss: 0.4603 Acc: 0.8678
  >> Model terbaik diperbarui! Val Acc: 0.8678

Epoch 3/30
----------------------------------------
  train Loss: 0.2712 Acc: 0.8978
  val   Loss: 0.3811 Acc: 0.8908
  >> Model terbaik diperbarui! Val Acc: 0.8908

Epoch 4/30
----------------------------------------
  train Loss: 0.1892 Acc: 0.9236
  val   Loss: 0.3368 Acc: 0.9080
  >> Model terbaik diperbarui! Val Acc: 0.9080

Epoch 5/30
----------------------------------------
  train Loss: 0.1831 Acc: 0.9200
  val   Loss: 0.3405 Acc: 0.9080

Epoch 6/30
----------------------------------------
  train Loss: 0.1471 Acc: 0.9335
  val   Loss: 0.3359 Acc: 0.8793

Epoch 7/30
----------------------------------------
  train Loss: 0.1466 Acc: 0.9372
  val   Loss: 0.3159 Acc: 0.9023

Epoch 8/30
----------------------------------------
  train Loss: 0.1313 Acc: 0.9433
  val   Loss: 0.3563 Acc: 0.8793

Epoch 9/30
----------------------------------------
  train Loss: 0.0960 Acc: 0.9507
  val   Loss: 0.3654 Acc: 0.9023

Epoch 10/30
----------------------------------------
  train Loss: 0.1341 Acc: 0.9409
  val   Loss: 0.3296 Acc: 0.9023

Epoch 11/30
----------------------------------------
  train Loss: 0.1023 Acc: 0.9458
  val   Loss: 0.3226 Acc: 0.9080

Epoch 12/30
----------------------------------------
  train Loss: 0.0934 Acc: 0.9532
  val   Loss: 0.3245 Acc: 0.9023

Epoch 13/30
----------------------------------------
  train Loss: 0.1100 Acc: 0.9397
  val   Loss: 0.3335 Acc: 0.9138
  >> Model terbaik diperbarui! Val Acc: 0.9138

Epoch 14/30
----------------------------------------
  train Loss: 0.0776 Acc: 0.9618
  val   Loss: 0.3383 Acc: 0.9138

Epoch 15/30
----------------------------------------
  train Loss: 0.1153 Acc: 0.9409
  val   Loss: 0.3218 Acc: 0.9080

Epoch 16/30
----------------------------------------
  train Loss: 0.0905 Acc: 0.9557
  val   Loss: 0.3299 Acc: 0.9080

Epoch 17/30
----------------------------------------
  train Loss: 0.1128 Acc: 0.9495
  val   Loss: 0.3396 Acc: 0.9138

Epoch 18/30
----------------------------------------
  train Loss: 0.0833 Acc: 0.9594
  val   Loss: 0.3279 Acc: 0.9138

Epoch 19/30
----------------------------------------
  train Loss: 0.0995 Acc: 0.9433
  val   Loss: 0.3426 Acc: 0.9023

Epoch 20/30
----------------------------------------
  train Loss: 0.0892 Acc: 0.9581
  val   Loss: 0.3383 Acc: 0.9023

Epoch 21/30
----------------------------------------
  train Loss: 0.0808 Acc: 0.9594
  val   Loss: 0.3403 Acc: 0.9023

Epoch 22/30
----------------------------------------
  train Loss: 0.0716 Acc: 0.9667
  val   Loss: 0.3398 Acc: 0.9023

Epoch 23/30
----------------------------------------
  train Loss: 0.0715 Acc: 0.9655
  val   Loss: 0.3459 Acc: 0.9080

Epoch 24/30
----------------------------------------
  train Loss: 0.1179 Acc: 0.9483
  val   Loss: 0.3407 Acc: 0.9138

Epoch 25/30
----------------------------------------
  train Loss: 0.0832 Acc: 0.9618
  val   Loss: 0.3394 Acc: 0.9138

Epoch 26/30
----------------------------------------
  train Loss: 0.1010 Acc: 0.9520
  val   Loss: 0.3397 Acc: 0.9138

Epoch 27/30
----------------------------------------
  train Loss: 0.0813 Acc: 0.9606
  val   Loss: 0.3372 Acc: 0.9080

Epoch 28/30
----------------------------------------
  train Loss: 0.0650 Acc: 0.9680
  val   Loss: 0.3421 Acc: 0.9080

Epoch 29/30
----------------------------------------
  train Loss: 0.0839 Acc: 0.9581
  val   Loss: 0.3438 Acc: 0.9080

Epoch 30/30
----------------------------------------
  train Loss: 0.0852 Acc: 0.9557
  val   Loss: 0.3400 Acc: 0.9023

[SELESAI] L1 50% seed=123 - Best Val Acc: 0.9138
[INFO] Checkpoint disimpan: D:\S2 UMAYAH\TESIS\Pra Penelitian 2\checkpoints\ablation_l1_50pct_30ep_seed123.pth
[INFO] Inferensi: median=16.47 ms (rata-rata=16.56 +/- 0.39 ms, 300 runs, 30 warmup, 1 thread)

============================================================
HASIL EVALUASI
============================================================D:\S2 UMAYAH\TESIS\Pra Penelitian 2\venv\Lib\site-packages\torch\utils\data\dataloader.py:1102: UserWarning: 'pin_memory' argument is set as true but no accelerator is found, then device pinned memory won't be used.
  super().__init__(loader)
D:\S2 UMAYAH\TESIS\Pra Penelitian 2\venv\Lib\site-packages\torch\utils\data\dataloader.py:1102: UserWarning: 'pin_memory' argument is set as true but no accelerator is found, then device pinned memory won't be used.
  super().__init__(loader)

  Akurasi      : 0.9138 (91.38%)
  Precision    : 0.9164
  Recall       : 0.9138
  F1-Score     : 0.9125
  Parameter    : 1,331,945
  Ukuran (MB)  : 5.16
  FLOPs        : 186.462 M
  Inferensi    : 16.47 ms (median, std=0.39, n=300)
============================================================

Classification Report:
                     precision    recall  f1-score   support

    Brown_Spot_Rice     0.8571    0.9000    0.8780        20
   Common_Rust_Corn     0.9048    1.0000    0.9500        19
Gray_Leaf_Spot_Corn     1.0000    0.8500    0.9189        20
       Healthy_Corn     0.9500    1.0000    0.9744        19
       Healthy_Rice     0.9048    1.0000    0.9500        19
  Healthy_Sugarcane     0.8824    0.7895    0.8333        19
    Leaf_Blast_Rice     0.9412    0.8000    0.8649        20
   Mosaic_Sugarcane     0.8571    0.9474    0.9000        19
     Rust_Sugarcane     0.9474    0.9474    0.9474        19

           accuracy                         0.9138       174
          macro avg     0.9161    0.9149    0.9130       174
       weighted avg     0.9164    0.9138    0.9125       174

[INFO] Inferensi: median=16.54 ms (rata-rata=16.63 +/- 0.41 ms, 300 runs, 30 warmup, 1 thread)

============================================================
HASIL EVALUASI
============================================================
  Akurasi      : 0.9429 (94.29%)
  Precision    : 0.9470
  Recall       : 0.9429
  F1-Score     : 0.9430
  Parameter    : 1,331,945
  Ukuran (MB)  : 5.16
  FLOPs        : 186.462 M
  Inferensi    : 16.54 ms (median, std=0.41, n=300)
============================================================

Classification Report:
                     precision    recall  f1-score   support

    Brown_Spot_Rice     0.8261    1.0000    0.9048        19
   Common_Rust_Corn     0.9500    1.0000    0.9744        19
Gray_Leaf_Spot_Corn     1.0000    0.9474    0.9730        19
       Healthy_Corn     1.0000    1.0000    1.0000        20
       Healthy_Rice     1.0000    0.9500    0.9744        20
  Healthy_Sugarcane     0.9048    0.9500    0.9268        20
    Leaf_Blast_Rice     1.0000    0.8421    0.9143        19
   Mosaic_Sugarcane     0.8889    0.8421    0.8649        19
     Rust_Sugarcane     0.9500    0.9500    0.9500        20

           accuracy                         0.9429       175
          macro avg     0.9466    0.9424    0.9425       175
       weighted avg     0.9470    0.9429    0.9430       175

[INFO] Hasil sementara disimpan: D:\S2 UMAYAH\TESIS\Pra Penelitian 2\outputs\multiseed_single_criteria_results.json

>>> Run 10/42 | l1 50% seed=2024 | Waktu berjalan: 444.2 menit (7.40 jam)
[TRAIN] 812 gambar, 9 kelas, batch_size=32
[VAL] 174 gambar, 9 kelas, batch_size=32
[TEST] 175 gambar, 9 kelas, batch_size=32

============================================================
L1 50% seed=2024 (mask identik di ketiga seed)
============================================================
[INFO] Training L1 50% seed=2024 pada cpu, 30 epoch, lr=0.0001

Epoch 1/30
----------------------------------------
  train Loss: 0.5503 Acc: 0.7980
  val   Loss: 0.6761 Acc: 0.7586
  >> Model terbaik diperbarui! Val Acc: 0.7586

Epoch 2/30
----------------------------------------
  train Loss: 0.3146 Acc: 0.8756
  val   Loss: 0.4371 Acc: 0.8736
  >> Model terbaik diperbarui! Val Acc: 0.8736

Epoch 3/30
----------------------------------------
  train Loss: 0.2509 Acc: 0.8929
  val   Loss: 0.3917 Acc: 0.8851
  >> Model terbaik diperbarui! Val Acc: 0.8851

Epoch 4/30
----------------------------------------
  train Loss: 0.2152 Acc: 0.9113
  val   Loss: 0.3868 Acc: 0.8851

Epoch 5/30
----------------------------------------
  train Loss: 0.1917 Acc: 0.9138
  val   Loss: 0.3413 Acc: 0.8851

Epoch 6/30
----------------------------------------
  train Loss: 0.1754 Acc: 0.9335
  val   Loss: 0.3501 Acc: 0.9023
  >> Model terbaik diperbarui! Val Acc: 0.9023

Epoch 7/30
----------------------------------------
  train Loss: 0.1636 Acc: 0.9224
  val   Loss: 0.3131 Acc: 0.9023

Epoch 8/30
----------------------------------------
  train Loss: 0.1388 Acc: 0.9397
  val   Loss: 0.3313 Acc: 0.9080
  >> Model terbaik diperbarui! Val Acc: 0.9080

Epoch 9/30
----------------------------------------
  train Loss: 0.1399 Acc: 0.9397
  val   Loss: 0.3341 Acc: 0.9023

Epoch 10/30
----------------------------------------
  train Loss: 0.0980 Acc: 0.9557
  val   Loss: 0.3242 Acc: 0.9080

Epoch 11/30
----------------------------------------
  train Loss: 0.1037 Acc: 0.9470
  val   Loss: 0.3174 Acc: 0.9023

Epoch 12/30
----------------------------------------
  train Loss: 0.0976 Acc: 0.9606
  val   Loss: 0.3249 Acc: 0.9195
  >> Model terbaik diperbarui! Val Acc: 0.9195

Epoch 13/30
----------------------------------------
  train Loss: 0.0867 Acc: 0.9594
  val   Loss: 0.3150 Acc: 0.8966

Epoch 14/30
----------------------------------------
  train Loss: 0.0940 Acc: 0.9532
  val   Loss: 0.3233 Acc: 0.9138

Epoch 15/30
----------------------------------------
  train Loss: 0.1065 Acc: 0.9433
  val   Loss: 0.3284 Acc: 0.9138

Epoch 16/30
----------------------------------------
  train Loss: 0.0807 Acc: 0.9594
  val   Loss: 0.3261 Acc: 0.9138

Epoch 17/30
----------------------------------------
  train Loss: 0.0861 Acc: 0.9544
  val   Loss: 0.3304 Acc: 0.9195

Epoch 18/30
----------------------------------------
  train Loss: 0.0934 Acc: 0.9520
  val   Loss: 0.3195 Acc: 0.9138

Epoch 19/30
----------------------------------------
  train Loss: 0.0820 Acc: 0.9557
  val   Loss: 0.3217 Acc: 0.9138

Epoch 20/30
----------------------------------------
  train Loss: 0.0861 Acc: 0.9581
  val   Loss: 0.3309 Acc: 0.9195

Epoch 21/30
----------------------------------------
  train Loss: 0.0869 Acc: 0.9594
  val   Loss: 0.3381 Acc: 0.9195

Epoch 22/30
----------------------------------------
  train Loss: 0.0856 Acc: 0.9569
  val   Loss: 0.3258 Acc: 0.9138

Epoch 23/30
----------------------------------------
  train Loss: 0.0983 Acc: 0.9483
  val   Loss: 0.3274 Acc: 0.9253
  >> Model terbaik diperbarui! Val Acc: 0.9253

Epoch 24/30
----------------------------------------
  train Loss: 0.0821 Acc: 0.9581
  val   Loss: 0.3270 Acc: 0.9195

Epoch 25/30
----------------------------------------
  train Loss: 0.0988 Acc: 0.9507
  val   Loss: 0.3306 Acc: 0.9253

Epoch 26/30
----------------------------------------
  train Loss: 0.0667 Acc: 0.9643
  val   Loss: 0.3338 Acc: 0.9253

Epoch 27/30
----------------------------------------
  train Loss: 0.0852 Acc: 0.9544
  val   Loss: 0.3340 Acc: 0.9195

Epoch 28/30
----------------------------------------
  train Loss: 0.1005 Acc: 0.9483
  val   Loss: 0.3325 Acc: 0.9138

Epoch 29/30
----------------------------------------
  train Loss: 0.0764 Acc: 0.9692
  val   Loss: 0.3304 Acc: 0.9253

Epoch 30/30
----------------------------------------
  train Loss: 0.0778 Acc: 0.9606
  val   Loss: 0.3319 Acc: 0.9253

[SELESAI] L1 50% seed=2024 - Best Val Acc: 0.9253
[INFO] Checkpoint disimpan: D:\S2 UMAYAH\TESIS\Pra Penelitian 2\checkpoints\ablation_l1_50pct_30ep_seed2024.pth
[INFO] Inferensi: median=16.51 ms (rata-rata=16.64 +/- 0.60 ms, 300 runs, 30 warmup, 1 thread)

============================================================
HASIL EVALUASI
============================================================
  Akurasi      : 0.9253 (92.53%)
  Precision    : 0.9278
  Recall       : 0.9253
  F1-Score     : 0.9248
  Parameter    : 1,331,945
  Ukuran (MB)  : 5.16
  FLOPs        : 186.462 M
  Inferensi    : 16.51 ms (median, std=0.60, n=300)
============================================================

Classification Report:
                     precision    recall  f1-score   support

    Brown_Spot_Rice     0.9000    0.9000    0.9000        20
   Common_Rust_Corn     0.9474    0.9474    0.9474        19
Gray_Leaf_Spot_Corn     0.9500    0.9500    0.9500        20
       Healthy_Corn     1.0000    1.0000    1.0000        19
       Healthy_Rice     0.9048    1.0000    0.9500        19
  Healthy_Sugarcane     0.9375    0.7895    0.8571        19
    Leaf_Blast_Rice     0.9444    0.8500    0.8947        20
   Mosaic_Sugarcane     0.8182    0.9474    0.8780        19
     Rust_Sugarcane     0.9474    0.9474    0.9474        19

           accuracy                         0.9253       174
          macro avg     0.9277    0.9257    0.9250       174
       weighted avg     0.9278    0.9253    0.9248       174
D:\S2 UMAYAH\TESIS\Pra Penelitian 2\venv\Lib\site-packages\torch\utils\data\dataloader.py:1102: UserWarning: 'pin_memory' argument is set as true but no accelerator is found, then device pinned memory won't be used.
  super().__init__(loader)
D:\S2 UMAYAH\TESIS\Pra Penelitian 2\venv\Lib\site-packages\torch\utils\data\dataloader.py:1102: UserWarning: 'pin_memory' argument is set as true but no accelerator is found, then device pinned memory won't be used.
  super().__init__(loader)
D:\S2 UMAYAH\TESIS\Pra Penelitian 2\venv\Lib\site-packages\torch\utils\data\dataloader.py:1102: UserWarning: 'pin_memory' argument is set as true but no accelerator is found, then device pinned memory won't be used.
  super().__init__(loader)

[INFO] Inferensi: median=16.25 ms (rata-rata=16.36 +/- 0.43 ms, 300 runs, 30 warmup, 1 thread)

============================================================
HASIL EVALUASI
============================================================
  Akurasi      : 0.9314 (93.14%)
  Precision    : 0.9344
  Recall       : 0.9314
  F1-Score     : 0.9314
  Parameter    : 1,331,945
  Ukuran (MB)  : 5.16
  FLOPs        : 186.462 M
  Inferensi    : 16.25 ms (median, std=0.43, n=300)
============================================================

Classification Report:
                     precision    recall  f1-score   support

    Brown_Spot_Rice     0.8182    0.9474    0.8780        19
   Common_Rust_Corn     0.9500    1.0000    0.9744        19
Gray_Leaf_Spot_Corn     1.0000    0.9474    0.9730        19
       Healthy_Corn     1.0000    1.0000    1.0000        20
       Healthy_Rice     1.0000    0.9500    0.9744        20
  Healthy_Sugarcane     0.8636    0.9500    0.9048        20
    Leaf_Blast_Rice     0.9412    0.8421    0.8889        19
   Mosaic_Sugarcane     0.8824    0.7895    0.8333        19
     Rust_Sugarcane     0.9500    0.9500    0.9500        20

           accuracy                         0.9314       175
          macro avg     0.9339    0.9307    0.9307       175
       weighted avg     0.9344    0.9314    0.9314       175

[INFO] Hasil sementara disimpan: D:\S2 UMAYAH\TESIS\Pra Penelitian 2\outputs\multiseed_single_criteria_results.json

>>> Run 11/42 | entropy 50% seed=123 | Waktu berjalan: 482.8 menit (8.05 jam)
[Pruning] Rasio: 50%
  Channel total  : 7104
  Channel dipangkas: 3552
  Channel tersisa  : 3552
[TRAIN] 812 gambar, 9 kelas, batch_size=32
[VAL] 174 gambar, 9 kelas, batch_size=32
[TEST] 175 gambar, 9 kelas, batch_size=32

============================================================
ENTROPY 50% seed=123 (mask identik di ketiga seed)
============================================================
[INFO] Training ENTROPY 50% seed=123 pada cpu, 30 epoch, lr=0.0001

Epoch 1/30
----------------------------------------
  train Loss: 0.5770 Acc: 0.7943
  val   Loss: 0.9092 Acc: 0.6609
  >> Model terbaik diperbarui! Val Acc: 0.6609

Epoch 2/30
----------------------------------------
  train Loss: 0.3124 Acc: 0.8670
  val   Loss: 0.5351 Acc: 0.8103
  >> Model terbaik diperbarui! Val Acc: 0.8103

Epoch 3/30
----------------------------------------
  train Loss: 0.2883 Acc: 0.8781
  val   Loss: 0.4896 Acc: 0.8218
  >> Model terbaik diperbarui! Val Acc: 0.8218

Epoch 4/30
----------------------------------------
  train Loss: 0.2110 Acc: 0.9052
  val   Loss: 0.4321 Acc: 0.8506
  >> Model terbaik diperbarui! Val Acc: 0.8506

Epoch 5/30
----------------------------------------
  train Loss: 0.1775 Acc: 0.9175
  val   Loss: 0.4512 Acc: 0.8563
  >> Model terbaik diperbarui! Val Acc: 0.8563

Epoch 6/30
----------------------------------------
  train Loss: 0.1593 Acc: 0.9323
  val   Loss: 0.4072 Acc: 0.8621
  >> Model terbaik diperbarui! Val Acc: 0.8621

Epoch 7/30
----------------------------------------
  train Loss: 0.1535 Acc: 0.9261
  val   Loss: 0.4508 Acc: 0.8506

Epoch 8/30
----------------------------------------
  train Loss: 0.1491 Acc: 0.9273
  val   Loss: 0.5529 Acc: 0.8506

Epoch 9/30
----------------------------------------
  train Loss: 0.1343 Acc: 0.9335
  val   Loss: 0.4778 Acc: 0.8563

Epoch 10/30
----------------------------------------
  train Loss: 0.1464 Acc: 0.9372
  val   Loss: 0.3825 Acc: 0.8563

Epoch 11/30
----------------------------------------
  train Loss: 0.1201 Acc: 0.9433
  val   Loss: 0.3899 Acc: 0.8621

Epoch 12/30
----------------------------------------
  train Loss: 0.1029 Acc: 0.9495
  val   Loss: 0.4129 Acc: 0.8621

Epoch 13/30
----------------------------------------
  train Loss: 0.1249 Acc: 0.9397
  val   Loss: 0.4237 Acc: 0.8563

Epoch 14/30
----------------------------------------
  train Loss: 0.1010 Acc: 0.9483
  val   Loss: 0.4494 Acc: 0.8563

Epoch 15/30
----------------------------------------
  train Loss: 0.0958 Acc: 0.9532
  val   Loss: 0.4558 Acc: 0.8506

Epoch 16/30
----------------------------------------
  train Loss: 0.0903 Acc: 0.9606
  val   Loss: 0.4633 Acc: 0.8621

Epoch 17/30
----------------------------------------
  train Loss: 0.1035 Acc: 0.9495
  val   Loss: 0.4511 Acc: 0.8563

Epoch 18/30
----------------------------------------
  train Loss: 0.0707 Acc: 0.9643
  val   Loss: 0.4491 Acc: 0.8621

Epoch 19/30
----------------------------------------
  train Loss: 0.1085 Acc: 0.9470
  val   Loss: 0.4612 Acc: 0.8506

Epoch 20/30
----------------------------------------
  train Loss: 0.0838 Acc: 0.9532
  val   Loss: 0.4626 Acc: 0.8506

Epoch 21/30
----------------------------------------
  train Loss: 0.0989 Acc: 0.9520
  val   Loss: 0.4500 Acc: 0.8563

Epoch 22/30
----------------------------------------
  train Loss: 0.0814 Acc: 0.9557
  val   Loss: 0.4585 Acc: 0.8563

Epoch 23/30
----------------------------------------
  train Loss: 0.0794 Acc: 0.9631
  val   Loss: 0.4576 Acc: 0.8506

Epoch 24/30
----------------------------------------
  train Loss: 0.1055 Acc: 0.9470
  val   Loss: 0.4542 Acc: 0.8506

Epoch 25/30
----------------------------------------
  train Loss: 0.0866 Acc: 0.9569
  val   Loss: 0.4541 Acc: 0.8506

Epoch 26/30
----------------------------------------
  train Loss: 0.0814 Acc: 0.9606
  val   Loss: 0.4492 Acc: 0.8563

Epoch 27/30
----------------------------------------
  train Loss: 0.0844 Acc: 0.9581
  val   Loss: 0.4533 Acc: 0.8563

Epoch 28/30
----------------------------------------
  train Loss: 0.0743 Acc: 0.9581
  val   Loss: 0.4621 Acc: 0.8563

Epoch 29/30
----------------------------------------
  train Loss: 0.0888 Acc: 0.9532
  val   Loss: 0.4521 Acc: 0.8678
  >> Model terbaik diperbarui! Val Acc: 0.8678

Epoch 30/30
----------------------------------------
  train Loss: 0.0895 Acc: 0.9520
  val   Loss: 0.4456 Acc: 0.8621

[SELESAI] ENTROPY 50% seed=123 - Best Val Acc: 0.8678
[INFO] Checkpoint disimpan: D:\S2 UMAYAH\TESIS\Pra Penelitian 2\checkpoints\ablation_entropy_50pct_30ep_traincal_seed123.pth
[INFO] Inferensi: median=16.78 ms (rata-rata=16.94 +/- 0.82 ms, 300 runs, 30 warmup, 1 thread)

============================================================
HASIL EVALUASI
============================================================
  Akurasi      : 0.8678 (86.78%)
  Precision    : 0.8704
  Recall       : 0.8678
  F1-Score     : 0.8679
  Parameter    : 1,331,945
  Ukuran (MB)  : 5.16
  FLOPs        : 186.462 M
  Inferensi    : 16.78 ms (median, std=0.82, n=300)
============================================================

Classification Report:
                     precision    recall  f1-score   support

    Brown_Spot_Rice     0.7222    0.6500    0.6842        20
   Common_Rust_Corn     1.0000    0.9474    0.9730        19
Gray_Leaf_Spot_Corn     0.9500    0.9500    0.9500        20
       Healthy_Corn     0.9474    0.9474    0.9474        19
       Healthy_Rice     0.9474    0.9474    0.9474        19
  Healthy_Sugarcane     0.9412    0.8421    0.8889        19
    Leaf_Blast_Rice     0.7143    0.7500    0.7317        20
   Mosaic_Sugarcane     0.7727    0.8947    0.8293        19
     Rust_Sugarcane     0.8500    0.8947    0.8718        19

           accuracy                         0.8678       174
          macro avg     0.8717    0.8693    0.8693       174
       weighted avg     0.8704    0.8678    0.8679       174

[INFO] Inferensi: median=16.89 ms (rata-rata=17.17 +/- 0.95 ms, 300 runs, 30 warmup, 1 thread)

============================================================
HASIL EVALUASI
============================================================
  Akurasi      : 0.9029 (90.29%)
  Precision    : 0.9073
  Recall       : 0.9029
  F1-Score     : 0.9018
  Parameter    : 1,331,945
  Ukuran (MB)  : 5.16
  FLOPs        : 186.462 M
  Inferensi    : 16.89 ms (median, std=0.95, n=300)
============================================================D:\S2 UMAYAH\TESIS\Pra Penelitian 2\venv\Lib\site-packages\torch\utils\data\dataloader.py:1102: UserWarning: 'pin_memory' argument is set as true but no accelerator is found, then device pinned memory won't be used.
  super().__init__(loader)
D:\S2 UMAYAH\TESIS\Pra Penelitian 2\venv\Lib\site-packages\torch\utils\data\dataloader.py:1102: UserWarning: 'pin_memory' argument is set as true but no accelerator is found, then device pinned memory won't be used.
  super().__init__(loader)


Classification Report:
                     precision    recall  f1-score   support

    Brown_Spot_Rice     0.7083    0.8947    0.7907        19
   Common_Rust_Corn     1.0000    1.0000    1.0000        19
Gray_Leaf_Spot_Corn     1.0000    0.9474    0.9730        19
       Healthy_Corn     0.9524    1.0000    0.9756        20
       Healthy_Rice     1.0000    1.0000    1.0000        20
  Healthy_Sugarcane     0.8947    0.8500    0.8718        20
    Leaf_Blast_Rice     0.8571    0.6316    0.7273        19
   Mosaic_Sugarcane     0.8421    0.8421    0.8421        19
     Rust_Sugarcane     0.9048    0.9500    0.9268        20

           accuracy                         0.9029       175
          macro avg     0.9066    0.9018    0.9008       175
       weighted avg     0.9073    0.9029    0.9018       175

[INFO] Hasil sementara disimpan: D:\S2 UMAYAH\TESIS\Pra Penelitian 2\outputs\multiseed_single_criteria_results.json

>>> Run 12/42 | entropy 50% seed=2024 | Waktu berjalan: 521.3 menit (8.69 jam)
[TRAIN] 812 gambar, 9 kelas, batch_size=32
[VAL] 174 gambar, 9 kelas, batch_size=32
[TEST] 175 gambar, 9 kelas, batch_size=32

============================================================
ENTROPY 50% seed=2024 (mask identik di ketiga seed)
============================================================
[INFO] Training ENTROPY 50% seed=2024 pada cpu, 30 epoch, lr=0.0001

Epoch 1/30
----------------------------------------
  train Loss: 0.6140 Acc: 0.7833
  val   Loss: 0.9438 Acc: 0.7069
  >> Model terbaik diperbarui! Val Acc: 0.7069

Epoch 2/30
----------------------------------------
  train Loss: 0.3019 Acc: 0.8608
  val   Loss: 0.4755 Acc: 0.8276
  >> Model terbaik diperbarui! Val Acc: 0.8276

Epoch 3/30
----------------------------------------
  train Loss: 0.2220 Acc: 0.9089
  val   Loss: 0.5015 Acc: 0.8333
  >> Model terbaik diperbarui! Val Acc: 0.8333

Epoch 4/30
----------------------------------------
  train Loss: 0.2262 Acc: 0.8990
  val   Loss: 0.4372 Acc: 0.8506
  >> Model terbaik diperbarui! Val Acc: 0.8506

Epoch 5/30
----------------------------------------
  train Loss: 0.1767 Acc: 0.9286
  val   Loss: 0.4648 Acc: 0.8563
  >> Model terbaik diperbarui! Val Acc: 0.8563

Epoch 6/30
----------------------------------------
  train Loss: 0.1718 Acc: 0.9212
  val   Loss: 0.4730 Acc: 0.8563

Epoch 7/30
----------------------------------------
  train Loss: 0.1554 Acc: 0.9187
  val   Loss: 0.4515 Acc: 0.8563

Epoch 8/30
----------------------------------------
  train Loss: 0.1514 Acc: 0.9273
  val   Loss: 0.4238 Acc: 0.8506

Epoch 9/30
----------------------------------------
  train Loss: 0.1573 Acc: 0.9212
  val   Loss: 0.4771 Acc: 0.8563

Epoch 10/30
----------------------------------------
  train Loss: 0.1462 Acc: 0.9236
  val   Loss: 0.4884 Acc: 0.8506

Epoch 11/30
----------------------------------------
  train Loss: 0.1255 Acc: 0.9384
  val   Loss: 0.4626 Acc: 0.8448

Epoch 12/30
----------------------------------------
  train Loss: 0.1010 Acc: 0.9532
  val   Loss: 0.4504 Acc: 0.8563

Epoch 13/30
----------------------------------------
  train Loss: 0.0815 Acc: 0.9618
  val   Loss: 0.4439 Acc: 0.8563

Epoch 14/30
----------------------------------------
  train Loss: 0.0972 Acc: 0.9520
  val   Loss: 0.4433 Acc: 0.8563

Epoch 15/30
----------------------------------------
  train Loss: 0.1094 Acc: 0.9458
  val   Loss: 0.4484 Acc: 0.8563

Epoch 16/30
----------------------------------------
  train Loss: 0.0873 Acc: 0.9520
  val   Loss: 0.4431 Acc: 0.8563

Epoch 17/30
----------------------------------------
  train Loss: 0.0914 Acc: 0.9569
  val   Loss: 0.4467 Acc: 0.8563

Epoch 18/30
----------------------------------------
  train Loss: 0.0913 Acc: 0.9544
  val   Loss: 0.4406 Acc: 0.8563

Epoch 19/30
----------------------------------------
  train Loss: 0.0914 Acc: 0.9606
  val   Loss: 0.4457 Acc: 0.8563

Epoch 20/30
----------------------------------------
  train Loss: 0.0936 Acc: 0.9569
  val   Loss: 0.4485 Acc: 0.8563

Epoch 21/30
----------------------------------------
  train Loss: 0.0997 Acc: 0.9557
  val   Loss: 0.4502 Acc: 0.8621
  >> Model terbaik diperbarui! Val Acc: 0.8621

Epoch 22/30
----------------------------------------
  train Loss: 0.0908 Acc: 0.9483
  val   Loss: 0.4416 Acc: 0.8563

Epoch 23/30
----------------------------------------
  train Loss: 0.0930 Acc: 0.9532
  val   Loss: 0.4466 Acc: 0.8563

Epoch 24/30
----------------------------------------
  train Loss: 0.0970 Acc: 0.9569
  val   Loss: 0.4531 Acc: 0.8563

Epoch 25/30
----------------------------------------
  train Loss: 0.1148 Acc: 0.9520
  val   Loss: 0.4435 Acc: 0.8563

Epoch 26/30
----------------------------------------
  train Loss: 0.0742 Acc: 0.9631
  val   Loss: 0.4491 Acc: 0.8563

Epoch 27/30
----------------------------------------
  train Loss: 0.0859 Acc: 0.9544
  val   Loss: 0.4497 Acc: 0.8563

Epoch 28/30
----------------------------------------
  train Loss: 0.0876 Acc: 0.9618
  val   Loss: 0.4485 Acc: 0.8563

Epoch 29/30
----------------------------------------
  train Loss: 0.0838 Acc: 0.9544
  val   Loss: 0.4509 Acc: 0.8563

Epoch 30/30
----------------------------------------
  train Loss: 0.0942 Acc: 0.9520
  val   Loss: 0.4522 Acc: 0.8563

[SELESAI] ENTROPY 50% seed=2024 - Best Val Acc: 0.8621
[INFO] Checkpoint disimpan: D:\S2 UMAYAH\TESIS\Pra Penelitian 2\checkpoints\ablation_entropy_50pct_30ep_traincal_seed2024.pth
[INFO] Inferensi: median=16.14 ms (rata-rata=16.23 +/- 0.33 ms, 300 runs, 30 warmup, 1 thread)

============================================================
HASIL EVALUASI
============================================================
  Akurasi      : 0.8621 (86.21%)
  Precision    : 0.8675
  Recall       : 0.8621
  F1-Score     : 0.8617
  Parameter    : 1,331,945
  Ukuran (MB)  : 5.16
  FLOPs        : 186.462 M
  Inferensi    : 16.14 ms (median, std=0.33, n=300)
============================================================

Classification Report:
                     precision    recall  f1-score   support

    Brown_Spot_Rice     0.7778    0.7000    0.7368        20
   Common_Rust_Corn     1.0000    0.9474    0.9730        19
Gray_Leaf_Spot_Corn     1.0000    0.8500    0.9189        20
       Healthy_Corn     0.8636    1.0000    0.9268        19
       Healthy_Rice     0.9000    0.9474    0.9231        19
  Healthy_Sugarcane     0.9375    0.7895    0.8571        19
    Leaf_Blast_Rice     0.7500    0.7500    0.7500        20
   Mosaic_Sugarcane     0.7727    0.8947    0.8293        19
     Rust_Sugarcane     0.8095    0.8947    0.8500        19

           accuracy                         0.8621       174
          macro avg     0.8679    0.8637    0.8628       174
       weighted avg     0.8675    0.8621    0.8617       174

[INFO] Inferensi: median=16.20 ms (rata-rata=16.27 +/- 0.29 ms, 300 runs, 30 warmup, 1 thread)

============================================================
HASIL EVALUASI
============================================================
  Akurasi      : 0.8914 (89.14%)
  Precision    : 0.8965
  Recall       : 0.8914
  F1-Score     : 0.8917
  Parameter    : 1,331,945
  Ukuran (MB)  : 5.16
  FLOPs        : 186.462 M
  Inferensi    : 16.20 ms (median, std=0.29, n=300)
============================================================

Classification Report:
                     precision    recall  f1-score   support

    Brown_Spot_Rice     0.6957    0.8421    0.7619        19
   Common_Rust_Corn     1.0000    1.0000    1.0000        19
Gray_Leaf_Spot_Corn     0.9474    0.9474    0.9474        19
       Healthy_Corn     0.9500    0.9500    0.9500        20
       Healthy_Rice     0.9474    0.9000    0.9231        20
  Healthy_Sugarcane     0.8182    0.9000    0.8571        20
    Leaf_Blast_Rice     0.8667    0.6842    0.7647        19
   Mosaic_Sugarcane     0.8889    0.8421    0.8649        19
     Rust_Sugarcane     0.9500    0.9500    0.9500        20

           accuracy                         0.8914       175
          macro avg     0.8960    0.8906    0.8910       175
       weighted avg     0.8965    0.8914    0.8917       175
D:\S2 UMAYAH\TESIS\Pra Penelitian 2\venv\Lib\site-packages\torch\utils\data\dataloader.py:1102: UserWarning: 'pin_memory' argument is set as true but no accelerator is found, then device pinned memory won't be used.
  super().__init__(loader)
D:\S2 UMAYAH\TESIS\Pra Penelitian 2\venv\Lib\site-packages\torch\utils\data\dataloader.py:1102: UserWarning: 'pin_memory' argument is set as true but no accelerator is found, then device pinned memory won't be used.
  super().__init__(loader)

[INFO] Hasil sementara disimpan: D:\S2 UMAYAH\TESIS\Pra Penelitian 2\outputs\multiseed_single_criteria_results.json

>>> Run 13/42 | entropy 60% seed=123 | Waktu berjalan: 559.8 menit (9.33 jam)
[Pruning] Rasio: 60%
  Channel total  : 7104
  Channel dipangkas: 4257
  Channel tersisa  : 2847
[TRAIN] 812 gambar, 9 kelas, batch_size=32
[VAL] 174 gambar, 9 kelas, batch_size=32
[TEST] 175 gambar, 9 kelas, batch_size=32

============================================================
ENTROPY 60% seed=123 (mask identik di ketiga seed)
============================================================
[INFO] Training ENTROPY 60% seed=123 pada cpu, 30 epoch, lr=0.0001

Epoch 1/30
----------------------------------------
  train Loss: 1.0058 Acc: 0.6773
  val   Loss: 1.4898 Acc: 0.5000
  >> Model terbaik diperbarui! Val Acc: 0.5000

Epoch 2/30
----------------------------------------
  train Loss: 0.5264 Acc: 0.7931
  val   Loss: 0.6546 Acc: 0.7529
  >> Model terbaik diperbarui! Val Acc: 0.7529

Epoch 3/30
----------------------------------------
  train Loss: 0.4285 Acc: 0.8239
  val   Loss: 0.6211 Acc: 0.7816
  >> Model terbaik diperbarui! Val Acc: 0.7816

Epoch 4/30
----------------------------------------
  train Loss: 0.3187 Acc: 0.8633
  val   Loss: 0.5669 Acc: 0.8103
  >> Model terbaik diperbarui! Val Acc: 0.8103

Epoch 5/30
----------------------------------------
  train Loss: 0.2842 Acc: 0.8842
  val   Loss: 0.4843 Acc: 0.8218
  >> Model terbaik diperbarui! Val Acc: 0.8218

Epoch 6/30
----------------------------------------
  train Loss: 0.2398 Acc: 0.8966
  val   Loss: 0.5039 Acc: 0.8448
  >> Model terbaik diperbarui! Val Acc: 0.8448

Epoch 7/30
----------------------------------------
  train Loss: 0.2339 Acc: 0.9064
  val   Loss: 0.5551 Acc: 0.8276

Epoch 8/30
----------------------------------------
  train Loss: 0.2553 Acc: 0.8867
  val   Loss: 0.5343 Acc: 0.8506
  >> Model terbaik diperbarui! Val Acc: 0.8506

Epoch 9/30
----------------------------------------
  train Loss: 0.1997 Acc: 0.9187
  val   Loss: 0.5311 Acc: 0.8333

Epoch 10/30
----------------------------------------
  train Loss: 0.1846 Acc: 0.9150
  val   Loss: 0.5361 Acc: 0.8276

Epoch 11/30
----------------------------------------
  train Loss: 0.1843 Acc: 0.9310
  val   Loss: 0.5215 Acc: 0.8506

Epoch 12/30
----------------------------------------
  train Loss: 0.1567 Acc: 0.9372
  val   Loss: 0.5406 Acc: 0.8563
  >> Model terbaik diperbarui! Val Acc: 0.8563

Epoch 13/30
----------------------------------------
  train Loss: 0.1793 Acc: 0.9273
  val   Loss: 0.5268 Acc: 0.8506

Epoch 14/30
----------------------------------------
  train Loss: 0.1675 Acc: 0.9323
  val   Loss: 0.5412 Acc: 0.8448

Epoch 15/30
----------------------------------------
  train Loss: 0.1590 Acc: 0.9298
  val   Loss: 0.5393 Acc: 0.8448

Epoch 16/30
----------------------------------------
  train Loss: 0.1540 Acc: 0.9310
  val   Loss: 0.5310 Acc: 0.8563

Epoch 17/30
----------------------------------------
  train Loss: 0.1725 Acc: 0.9212
  val   Loss: 0.5412 Acc: 0.8506

Epoch 18/30
----------------------------------------
  train Loss: 0.1585 Acc: 0.9347
  val   Loss: 0.5241 Acc: 0.8448

Epoch 19/30
----------------------------------------
  train Loss: 0.1705 Acc: 0.9224
  val   Loss: 0.5386 Acc: 0.8506

Epoch 20/30
----------------------------------------
  train Loss: 0.1464 Acc: 0.9397
  val   Loss: 0.5437 Acc: 0.8506

Epoch 21/30
----------------------------------------
  train Loss: 0.1754 Acc: 0.9236
  val   Loss: 0.5405 Acc: 0.8448

Epoch 22/30
----------------------------------------
  train Loss: 0.1488 Acc: 0.9335
  val   Loss: 0.5476 Acc: 0.8448

Epoch 23/30
----------------------------------------
  train Loss: 0.1501 Acc: 0.9335
  val   Loss: 0.5387 Acc: 0.8506

Epoch 24/30
----------------------------------------
  train Loss: 0.1448 Acc: 0.9347
  val   Loss: 0.5420 Acc: 0.8448

Epoch 25/30
----------------------------------------
  train Loss: 0.1355 Acc: 0.9347
  val   Loss: 0.5471 Acc: 0.8448

Epoch 26/30
----------------------------------------
  train Loss: 0.1740 Acc: 0.9273
  val   Loss: 0.5471 Acc: 0.8448

Epoch 27/30
----------------------------------------
  train Loss: 0.1417 Acc: 0.9409
  val   Loss: 0.5392 Acc: 0.8448

Epoch 28/30
----------------------------------------
  train Loss: 0.1354 Acc: 0.9397
  val   Loss: 0.5381 Acc: 0.8448

Epoch 29/30
----------------------------------------
  train Loss: 0.1384 Acc: 0.9360
  val   Loss: 0.5376 Acc: 0.8448

Epoch 30/30
----------------------------------------
  train Loss: 0.1333 Acc: 0.9360
  val   Loss: 0.5424 Acc: 0.8506

[SELESAI] ENTROPY 60% seed=123 - Best Val Acc: 0.8563
[INFO] Checkpoint disimpan: D:\S2 UMAYAH\TESIS\Pra Penelitian 2\checkpoints\ablation_entropy_60pct_30ep_traincal_seed123.pth
[INFO] Inferensi: median=14.92 ms (rata-rata=15.00 +/- 0.43 ms, 300 runs, 30 warmup, 1 thread)

============================================================
HASIL EVALUASI
============================================================
  Akurasi      : 0.8563 (85.63%)
  Precision    : 0.8584
  Recall       : 0.8563
  F1-Score     : 0.8542
  Parameter    : 1,152,036
  Ukuran (MB)  : 4.46
  FLOPs        : 159.010 M
  Inferensi    : 14.92 ms (median, std=0.43, n=300)
============================================================

Classification Report:
                     precision    recall  f1-score   support

    Brown_Spot_Rice     0.7500    0.6000    0.6667        20
   Common_Rust_Corn     0.9474    0.9474    0.9474        19
Gray_Leaf_Spot_Corn     0.9412    0.8000    0.8649        20
       Healthy_Corn     0.8571    0.9474    0.9000        19
       Healthy_Rice     0.9048    1.0000    0.9500        19
  Healthy_Sugarcane     0.9412    0.8421    0.8889        19
    Leaf_Blast_Rice     0.6818    0.7500    0.7143        20
   Mosaic_Sugarcane     0.8182    0.9474    0.8780        19
     Rust_Sugarcane     0.8947    0.8947    0.8947        19

           accuracy                         0.8563       174
          macro avg     0.8596    0.8588    0.8561       174
       weighted avg     0.8584    0.8563    0.8542       174

[INFO] Inferensi: median=15.03 ms (rata-rata=15.07 +/- 0.28 ms, 300 runs, 30 warmup, 1 thread)

============================================================
HASIL EVALUASI
============================================================
  Akurasi      : 0.9143 (91.43%)
  Precision    : 0.9144
  Recall       : 0.9143
  F1-Score     : 0.9136
  Parameter    : 1,152,036
  Ukuran (MB)  : 4.46
  FLOPs        : 159.010 M
  Inferensi    : 15.03 ms (median, std=0.28, n=300)
============================================================

Classification Report:
                     precision    recall  f1-score   support

    Brown_Spot_Rice     0.8333    0.7895    0.8108        19
   Common_Rust_Corn     1.0000    1.0000    1.0000        19
Gray_Leaf_Spot_Corn     0.9048    1.0000    0.9500        19
       Healthy_Corn     1.0000    0.9500    0.9744        20
       Healthy_Rice     0.9048    0.9500    0.9268        20
  Healthy_Sugarcane     0.8571    0.9000    0.8780        20
    Leaf_Blast_Rice     0.8947    0.8947    0.8947        19
   Mosaic_Sugarcane     0.8824    0.7895    0.8333        19
     Rust_Sugarcane     0.9500    0.9500    0.9500        20

           accuracy                         0.9143       175
          macro avg     0.9141    0.9137    0.9131       175
       weighted avg     0.9144    0.9143    0.9136       175

[INFO] Hasil sementara disimpan: D:\S2 UMAYAH\TESIS\Pra Penelitian 2\outputs\multiseed_single_criteria_results.json

>>> Run 14/42 | entropy 60% seed=2024 | Waktu berjalan: 595.7 menit (9.93 jam)
[TRAIN] 812 gambar, 9 kelas, batch_size=32
[VAL] 174 gambar, 9 kelas, batch_size=32
[TEST] 175 gambar, 9 kelas, batch_size=32

============================================================
ENTROPY 60% seed=2024 (mask identik di ketiga seed)
============================================================D:\S2 UMAYAH\TESIS\Pra Penelitian 2\venv\Lib\site-packages\torch\utils\data\dataloader.py:1102: UserWarning: 'pin_memory' argument is set as true but no accelerator is found, then device pinned memory won't be used.
  super().__init__(loader)
D:\S2 UMAYAH\TESIS\Pra Penelitian 2\venv\Lib\site-packages\torch\utils\data\dataloader.py:1102: UserWarning: 'pin_memory' argument is set as true but no accelerator is found, then device pinned memory won't be used.
  super().__init__(loader)
D:\S2 UMAYAH\TESIS\Pra Penelitian 2\venv\Lib\site-packages\torch\utils\data\dataloader.py:1102: UserWarning: 'pin_memory' argument is set as true but no accelerator is found, then device pinned memory won't be used.
  super().__init__(loader)

[INFO] Training ENTROPY 60% seed=2024 pada cpu, 30 epoch, lr=0.0001

Epoch 1/30
----------------------------------------
  train Loss: 1.0271 Acc: 0.6675
  val   Loss: 1.5159 Acc: 0.5115
  >> Model terbaik diperbarui! Val Acc: 0.5115

Epoch 2/30
----------------------------------------
  train Loss: 0.5067 Acc: 0.7980
  val   Loss: 0.6907 Acc: 0.7874
  >> Model terbaik diperbarui! Val Acc: 0.7874

Epoch 3/30
----------------------------------------
  train Loss: 0.3872 Acc: 0.8337
  val   Loss: 0.6243 Acc: 0.7874

Epoch 4/30
----------------------------------------
  train Loss: 0.3414 Acc: 0.8633
  val   Loss: 0.6199 Acc: 0.8103
  >> Model terbaik diperbarui! Val Acc: 0.8103

Epoch 5/30
----------------------------------------
  train Loss: 0.3178 Acc: 0.8621
  val   Loss: 0.5607 Acc: 0.8218
  >> Model terbaik diperbarui! Val Acc: 0.8218

Epoch 6/30
----------------------------------------
  train Loss: 0.2620 Acc: 0.8929
  val   Loss: 0.5519 Acc: 0.8276
  >> Model terbaik diperbarui! Val Acc: 0.8276

Epoch 7/30
----------------------------------------
  train Loss: 0.2271 Acc: 0.9015
  val   Loss: 0.5857 Acc: 0.8391
  >> Model terbaik diperbarui! Val Acc: 0.8391

Epoch 8/30
----------------------------------------
  train Loss: 0.2426 Acc: 0.8941
  val   Loss: 0.5502 Acc: 0.8161

Epoch 9/30
----------------------------------------
  train Loss: 0.2002 Acc: 0.9076
  val   Loss: 0.5578 Acc: 0.8333

Epoch 10/30
----------------------------------------
  train Loss: 0.1902 Acc: 0.9113
  val   Loss: 0.5590 Acc: 0.8391

Epoch 11/30
----------------------------------------
  train Loss: 0.1717 Acc: 0.9187
  val   Loss: 0.5390 Acc: 0.8391

Epoch 12/30
----------------------------------------
  train Loss: 0.1623 Acc: 0.9224
  val   Loss: 0.5397 Acc: 0.8333

Epoch 13/30
----------------------------------------
  train Loss: 0.1630 Acc: 0.9286
  val   Loss: 0.5478 Acc: 0.8276

Epoch 14/30
----------------------------------------
  train Loss: 0.1625 Acc: 0.9310
  val   Loss: 0.5465 Acc: 0.8448
  >> Model terbaik diperbarui! Val Acc: 0.8448

Epoch 15/30
----------------------------------------
  train Loss: 0.1754 Acc: 0.9261
  val   Loss: 0.5445 Acc: 0.8448

Epoch 16/30
----------------------------------------
  train Loss: 0.1376 Acc: 0.9335
  val   Loss: 0.5494 Acc: 0.8391

Epoch 17/30
----------------------------------------
  train Loss: 0.1432 Acc: 0.9384
  val   Loss: 0.5594 Acc: 0.8333

Epoch 18/30
----------------------------------------
  train Loss: 0.1299 Acc: 0.9397
  val   Loss: 0.5384 Acc: 0.8391

Epoch 19/30
----------------------------------------
  train Loss: 0.1486 Acc: 0.9335
  val   Loss: 0.5472 Acc: 0.8506
  >> Model terbaik diperbarui! Val Acc: 0.8506

Epoch 20/30
----------------------------------------
  train Loss: 0.1400 Acc: 0.9347
  val   Loss: 0.5338 Acc: 0.8506

Epoch 21/30
----------------------------------------
  train Loss: 0.1510 Acc: 0.9323
  val   Loss: 0.5303 Acc: 0.8448

Epoch 22/30
----------------------------------------
  train Loss: 0.1311 Acc: 0.9347
  val   Loss: 0.5159 Acc: 0.8506

Epoch 23/30
----------------------------------------
  train Loss: 0.1493 Acc: 0.9298
  val   Loss: 0.5321 Acc: 0.8448

Epoch 24/30
----------------------------------------
  train Loss: 0.1401 Acc: 0.9372
  val   Loss: 0.5369 Acc: 0.8448

Epoch 25/30
----------------------------------------
  train Loss: 0.1193 Acc: 0.9458
  val   Loss: 0.5279 Acc: 0.8448

Epoch 26/30
----------------------------------------
  train Loss: 0.1356 Acc: 0.9421
  val   Loss: 0.5306 Acc: 0.8448

Epoch 27/30
----------------------------------------
  train Loss: 0.1505 Acc: 0.9335
  val   Loss: 0.5194 Acc: 0.8563
  >> Model terbaik diperbarui! Val Acc: 0.8563

Epoch 28/30
----------------------------------------
  train Loss: 0.1361 Acc: 0.9446
  val   Loss: 0.5303 Acc: 0.8621
  >> Model terbaik diperbarui! Val Acc: 0.8621

Epoch 29/30
----------------------------------------
  train Loss: 0.1532 Acc: 0.9236
  val   Loss: 0.5285 Acc: 0.8563

Epoch 30/30
----------------------------------------
  train Loss: 0.1249 Acc: 0.9446
  val   Loss: 0.5302 Acc: 0.8506

[SELESAI] ENTROPY 60% seed=2024 - Best Val Acc: 0.8621
[INFO] Checkpoint disimpan: D:\S2 UMAYAH\TESIS\Pra Penelitian 2\checkpoints\ablation_entropy_60pct_30ep_traincal_seed2024.pth
[INFO] Inferensi: median=14.86 ms (rata-rata=14.95 +/- 0.37 ms, 300 runs, 30 warmup, 1 thread)

============================================================
HASIL EVALUASI
============================================================
  Akurasi      : 0.8621 (86.21%)
  Precision    : 0.8670
  Recall       : 0.8621
  F1-Score     : 0.8608
  Parameter    : 1,152,036
  Ukuran (MB)  : 4.46
  FLOPs        : 159.010 M
  Inferensi    : 14.86 ms (median, std=0.37, n=300)
============================================================

Classification Report:
                     precision    recall  f1-score   support

    Brown_Spot_Rice     0.7500    0.6000    0.6667        20
   Common_Rust_Corn     1.0000    0.9474    0.9730        19
Gray_Leaf_Spot_Corn     1.0000    0.8500    0.9189        20
       Healthy_Corn     0.8261    1.0000    0.9048        19
       Healthy_Rice     0.9000    0.9474    0.9231        19
  Healthy_Sugarcane     0.9412    0.8421    0.8889        19
    Leaf_Blast_Rice     0.6818    0.7500    0.7143        20
   Mosaic_Sugarcane     0.8182    0.9474    0.8780        19
     Rust_Sugarcane     0.8947    0.8947    0.8947        19

           accuracy                         0.8621       174
          macro avg     0.8680    0.8643    0.8625       174
       weighted avg     0.8670    0.8621    0.8608       174

[INFO] Inferensi: median=14.51 ms (rata-rata=14.57 +/- 0.25 ms, 300 runs, 30 warmup, 1 thread)

============================================================
HASIL EVALUASI
============================================================
  Akurasi      : 0.9371 (93.71%)
  Precision    : 0.9384
  Recall       : 0.9371
  F1-Score     : 0.9363
  Parameter    : 1,152,036
  Ukuran (MB)  : 4.46
  FLOPs        : 159.010 M
  Inferensi    : 14.51 ms (median, std=0.25, n=300)
============================================================

Classification Report:
                     precision    recall  f1-score   support

    Brown_Spot_Rice     0.8500    0.8947    0.8718        19
   Common_Rust_Corn     1.0000    1.0000    1.0000        19
Gray_Leaf_Spot_Corn     0.9500    1.0000    0.9744        19
       Healthy_Corn     1.0000    1.0000    1.0000        20
       Healthy_Rice     0.9524    1.0000    0.9756        20
  Healthy_Sugarcane     0.8636    0.9500    0.9048        20
    Leaf_Blast_Rice     0.9412    0.8421    0.8889        19
   Mosaic_Sugarcane     0.9375    0.7895    0.8571        19
     Rust_Sugarcane     0.9500    0.9500    0.9500        20

           accuracy                         0.9371       175
          macro avg     0.9383    0.9363    0.9358       175
       weighted avg     0.9384    0.9371    0.9363       175

[INFO] Hasil sementara disimpan: D:\S2 UMAYAH\TESIS\Pra Penelitian 2\outputs\multiseed_single_criteria_results.json

>>> Run 15/42 | entropy 70% seed=123 | Waktu berjalan: 631.8 menit (10.53 jam)
[Pruning] Rasio: 70%
  Channel total  : 7104
  Channel dipangkas: 4966
  Channel tersisa  : 2138
[TRAIN] 812 gambar, 9 kelas, batch_size=32
[VAL] 174 gambar, 9 kelas, batch_size=32
[TEST] 175 gambar, 9 kelas, batch_size=32

============================================================
ENTROPY 70% seed=123 (mask identik di ketiga seed)
============================================================
[INFO] Training ENTROPY 70% seed=123 pada cpu, 30 epoch, lr=0.0001

Epoch 1/30
----------------------------------------
  train Loss: 1.7828 Acc: 0.5062
  val   Loss: 2.3720 Acc: 0.2759
  >> Model terbaik diperbarui! Val Acc: 0.2759

Epoch 2/30
----------------------------------------
  train Loss: 0.8601 Acc: 0.6786
  val   Loss: 0.7707 Acc: 0.7299D:\S2 UMAYAH\TESIS\Pra Penelitian 2\venv\Lib\site-packages\torch\utils\data\dataloader.py:1102: UserWarning: 'pin_memory' argument is set as true but no accelerator is found, then device pinned memory won't be used.
  super().__init__(loader)
D:\S2 UMAYAH\TESIS\Pra Penelitian 2\venv\Lib\site-packages\torch\utils\data\dataloader.py:1102: UserWarning: 'pin_memory' argument is set as true but no accelerator is found, then device pinned memory won't be used.
  super().__init__(loader)

  >> Model terbaik diperbarui! Val Acc: 0.7299

Epoch 3/30
----------------------------------------
  train Loss: 0.6586 Acc: 0.7463
  val   Loss: 0.7342 Acc: 0.7471
  >> Model terbaik diperbarui! Val Acc: 0.7471

Epoch 4/30
----------------------------------------
  train Loss: 0.5345 Acc: 0.7869
  val   Loss: 0.5944 Acc: 0.7529
  >> Model terbaik diperbarui! Val Acc: 0.7529

Epoch 5/30
----------------------------------------
  train Loss: 0.5116 Acc: 0.8005
  val   Loss: 0.5432 Acc: 0.7759
  >> Model terbaik diperbarui! Val Acc: 0.7759

Epoch 6/30
----------------------------------------
  train Loss: 0.4599 Acc: 0.8165
  val   Loss: 0.5411 Acc: 0.7816
  >> Model terbaik diperbarui! Val Acc: 0.7816

Epoch 7/30
----------------------------------------
  train Loss: 0.3857 Acc: 0.8436
  val   Loss: 0.5333 Acc: 0.7874
  >> Model terbaik diperbarui! Val Acc: 0.7874

Epoch 8/30
----------------------------------------
  train Loss: 0.3847 Acc: 0.8510
  val   Loss: 0.6367 Acc: 0.7471

Epoch 9/30
----------------------------------------
  train Loss: 0.3515 Acc: 0.8448
  val   Loss: 0.5244 Acc: 0.7989
  >> Model terbaik diperbarui! Val Acc: 0.7989

Epoch 10/30
----------------------------------------
  train Loss: 0.3350 Acc: 0.8559
  val   Loss: 0.5366 Acc: 0.7989

Epoch 11/30
----------------------------------------
  train Loss: 0.3083 Acc: 0.8682
  val   Loss: 0.4994 Acc: 0.7989

Epoch 12/30
----------------------------------------
  train Loss: 0.2801 Acc: 0.8929
  val   Loss: 0.4833 Acc: 0.8046
  >> Model terbaik diperbarui! Val Acc: 0.8046

Epoch 13/30
----------------------------------------
  train Loss: 0.3099 Acc: 0.8818
  val   Loss: 0.4803 Acc: 0.8161
  >> Model terbaik diperbarui! Val Acc: 0.8161

Epoch 14/30
----------------------------------------
  train Loss: 0.2717 Acc: 0.8855
  val   Loss: 0.4861 Acc: 0.8161

Epoch 15/30
----------------------------------------
  train Loss: 0.2592 Acc: 0.8929
  val   Loss: 0.4664 Acc: 0.8218
  >> Model terbaik diperbarui! Val Acc: 0.8218

Epoch 16/30
----------------------------------------
  train Loss: 0.2751 Acc: 0.8719
  val   Loss: 0.4750 Acc: 0.8218

Epoch 17/30
----------------------------------------
  train Loss: 0.2716 Acc: 0.8768
  val   Loss: 0.4747 Acc: 0.8218

Epoch 18/30
----------------------------------------
  train Loss: 0.2830 Acc: 0.8855
  val   Loss: 0.4677 Acc: 0.8218

Epoch 19/30
----------------------------------------
  train Loss: 0.2882 Acc: 0.8805
  val   Loss: 0.4915 Acc: 0.8161

Epoch 20/30
----------------------------------------
  train Loss: 0.2449 Acc: 0.8941
  val   Loss: 0.4790 Acc: 0.8103

Epoch 21/30
----------------------------------------
  train Loss: 0.2505 Acc: 0.8904
  val   Loss: 0.4789 Acc: 0.8161

Epoch 22/30
----------------------------------------
  train Loss: 0.2595 Acc: 0.8978
  val   Loss: 0.4842 Acc: 0.8103

Epoch 23/30
----------------------------------------
  train Loss: 0.2623 Acc: 0.8732
  val   Loss: 0.4832 Acc: 0.8161

Epoch 24/30
----------------------------------------
  train Loss: 0.2990 Acc: 0.8658
  val   Loss: 0.4802 Acc: 0.8161

Epoch 25/30
----------------------------------------
  train Loss: 0.2301 Acc: 0.9064
  val   Loss: 0.4788 Acc: 0.8218

Epoch 26/30
----------------------------------------
  train Loss: 0.2403 Acc: 0.9064
  val   Loss: 0.4754 Acc: 0.8218

Epoch 27/30
----------------------------------------
  train Loss: 0.2595 Acc: 0.8892
  val   Loss: 0.4816 Acc: 0.8103

Epoch 28/30
----------------------------------------
  train Loss: 0.2574 Acc: 0.8830
  val   Loss: 0.4724 Acc: 0.8161

Epoch 29/30
----------------------------------------
  train Loss: 0.2658 Acc: 0.8978
  val   Loss: 0.4806 Acc: 0.8276
  >> Model terbaik diperbarui! Val Acc: 0.8276

Epoch 30/30
----------------------------------------
  train Loss: 0.2230 Acc: 0.9015
  val   Loss: 0.4858 Acc: 0.8161

[SELESAI] ENTROPY 70% seed=123 - Best Val Acc: 0.8276
[INFO] Checkpoint disimpan: D:\S2 UMAYAH\TESIS\Pra Penelitian 2\checkpoints\ablation_entropy_70pct_30ep_traincal_seed123.pth
[INFO] Inferensi: median=13.10 ms (rata-rata=13.18 +/- 0.33 ms, 300 runs, 30 warmup, 1 thread)

============================================================
HASIL EVALUASI
============================================================
  Akurasi      : 0.8276 (82.76%)
  Precision    : 0.8329
  Recall       : 0.8276
  F1-Score     : 0.8271
  Parameter    : 971,395
  Ukuran (MB)  : 3.76
  FLOPs        : 131.081 M
  Inferensi    : 13.10 ms (median, std=0.33, n=300)
============================================================

Classification Report:
                     precision    recall  f1-score   support

    Brown_Spot_Rice     0.7368    0.7000    0.7179        20
   Common_Rust_Corn     0.9474    0.9474    0.9474        19
Gray_Leaf_Spot_Corn     0.8889    0.8000    0.8421        20
       Healthy_Corn     0.8571    0.9474    0.9000        19
       Healthy_Rice     0.9000    0.9474    0.9231        19
  Healthy_Sugarcane     0.9333    0.7368    0.8235        19
    Leaf_Blast_Rice     0.7000    0.7000    0.7000        20
   Mosaic_Sugarcane     0.7083    0.8947    0.7907        19
     Rust_Sugarcane     0.8333    0.7895    0.8108        19

           accuracy                         0.8276       174
          macro avg     0.8339    0.8292    0.8284       174
       weighted avg     0.8329    0.8276    0.8271       174

[INFO] Inferensi: median=12.96 ms (rata-rata=13.04 +/- 0.30 ms, 300 runs, 30 warmup, 1 thread)

============================================================
HASIL EVALUASI
============================================================
  Akurasi      : 0.8400 (84.00%)
  Precision    : 0.8468
  Recall       : 0.8400
  F1-Score     : 0.8418
  Parameter    : 971,395
  Ukuran (MB)  : 3.76
  FLOPs        : 131.081 M
  Inferensi    : 12.96 ms (median, std=0.30, n=300)
============================================================

Classification Report:
                     precision    recall  f1-score   support

    Brown_Spot_Rice     0.6818    0.7895    0.7317        19
   Common_Rust_Corn     1.0000    1.0000    1.0000        19
Gray_Leaf_Spot_Corn     0.8889    0.8421    0.8649        19
       Healthy_Corn     0.9474    0.9000    0.9231        20
       Healthy_Rice     0.9048    0.9500    0.9268        20
  Healthy_Sugarcane     0.8333    0.7500    0.7895        20
    Leaf_Blast_Rice     0.8235    0.7368    0.7778        19
   Mosaic_Sugarcane     0.6364    0.7368    0.6829        19
     Rust_Sugarcane     0.8947    0.8500    0.8718        20

           accuracy                         0.8400       175
          macro avg     0.8456    0.8395    0.8409       175
       weighted avg     0.8468    0.8400    0.8418       175

[INFO] Hasil sementara disimpan: D:\S2 UMAYAH\TESIS\Pra Penelitian 2\outputs\multiseed_single_criteria_results.json

>>> Run 16/42 | entropy 70% seed=2024 | Waktu berjalan: 665.0 menit (11.08 jam)
[TRAIN] 812 gambar, 9 kelas, batch_size=32
[VAL] 174 gambar, 9 kelas, batch_size=32
[TEST] 175 gambar, 9 kelas, batch_size=32

============================================================
ENTROPY 70% seed=2024 (mask identik di ketiga seed)
============================================================
[INFO] Training ENTROPY 70% seed=2024 pada cpu, 30 epoch, lr=0.0001

Epoch 1/30
----------------------------------------
  train Loss: 1.7850 Acc: 0.5197
  val   Loss: 2.1193 Acc: 0.3218
  >> Model terbaik diperbarui! Val Acc: 0.3218

Epoch 2/30
----------------------------------------
  train Loss: 0.8570 Acc: 0.6749
  val   Loss: 0.8199 Acc: 0.7241
  >> Model terbaik diperbarui! Val Acc: 0.7241

Epoch 3/30
----------------------------------------
  train Loss: 0.6926 Acc: 0.7438
  val   Loss: 0.7128 Acc: 0.7644
  >> Model terbaik diperbarui! Val Acc: 0.7644

Epoch 4/30
----------------------------------------
  train Loss: 0.5727 Acc: 0.7648
  val   Loss: 0.6460 Acc: 0.7644

Epoch 5/30
----------------------------------------D:\S2 UMAYAH\TESIS\Pra Penelitian 2\venv\Lib\site-packages\torch\utils\data\dataloader.py:1102: UserWarning: 'pin_memory' argument is set as true but no accelerator is found, then device pinned memory won't be used.
  super().__init__(loader)
D:\S2 UMAYAH\TESIS\Pra Penelitian 2\venv\Lib\site-packages\torch\utils\data\dataloader.py:1102: UserWarning: 'pin_memory' argument is set as true but no accelerator is found, then device pinned memory won't be used.
  super().__init__(loader)

  train Loss: 0.5386 Acc: 0.7919
  val   Loss: 0.6002 Acc: 0.7931
  >> Model terbaik diperbarui! Val Acc: 0.7931

Epoch 6/30
----------------------------------------
  train Loss: 0.4543 Acc: 0.8227
  val   Loss: 0.5577 Acc: 0.8046
  >> Model terbaik diperbarui! Val Acc: 0.8046

Epoch 7/30
----------------------------------------
  train Loss: 0.4274 Acc: 0.8411
  val   Loss: 0.5387 Acc: 0.8046

Epoch 8/30
----------------------------------------
  train Loss: 0.3366 Acc: 0.8645
  val   Loss: 0.5793 Acc: 0.7989

Epoch 9/30
----------------------------------------
  train Loss: 0.4011 Acc: 0.8399
  val   Loss: 0.5610 Acc: 0.7989

Epoch 10/30
----------------------------------------
  train Loss: 0.3733 Acc: 0.8522
  val   Loss: 0.5288 Acc: 0.8161
  >> Model terbaik diperbarui! Val Acc: 0.8161

Epoch 11/30
----------------------------------------
  train Loss: 0.3041 Acc: 0.8682
  val   Loss: 0.5105 Acc: 0.8161

Epoch 12/30
----------------------------------------
  train Loss: 0.3082 Acc: 0.8695
  val   Loss: 0.5299 Acc: 0.8276
  >> Model terbaik diperbarui! Val Acc: 0.8276

Epoch 13/30
----------------------------------------
  train Loss: 0.2778 Acc: 0.8793
  val   Loss: 0.5397 Acc: 0.8161

Epoch 14/30
----------------------------------------
  train Loss: 0.3153 Acc: 0.8768
  val   Loss: 0.5262 Acc: 0.8218

Epoch 15/30
----------------------------------------
  train Loss: 0.2733 Acc: 0.8929
  val   Loss: 0.5171 Acc: 0.8161

Epoch 16/30
----------------------------------------
  train Loss: 0.2699 Acc: 0.8867
  val   Loss: 0.5307 Acc: 0.8333
  >> Model terbaik diperbarui! Val Acc: 0.8333

Epoch 17/30
----------------------------------------
  train Loss: 0.2800 Acc: 0.8781
  val   Loss: 0.5182 Acc: 0.8333

Epoch 18/30
----------------------------------------
  train Loss: 0.2815 Acc: 0.8830
  val   Loss: 0.5301 Acc: 0.8276

Epoch 19/30
----------------------------------------
  train Loss: 0.2567 Acc: 0.8929
  val   Loss: 0.5254 Acc: 0.8391
  >> Model terbaik diperbarui! Val Acc: 0.8391

Epoch 20/30
----------------------------------------
  train Loss: 0.2542 Acc: 0.8929
  val   Loss: 0.5271 Acc: 0.8333

Epoch 21/30
----------------------------------------
  train Loss: 0.2484 Acc: 0.8978
  val   Loss: 0.5137 Acc: 0.8333

Epoch 22/30
----------------------------------------
  train Loss: 0.2419 Acc: 0.9076
  val   Loss: 0.5233 Acc: 0.8276

Epoch 23/30
----------------------------------------
  train Loss: 0.2507 Acc: 0.8978
  val   Loss: 0.5130 Acc: 0.8218

Epoch 24/30
----------------------------------------
  train Loss: 0.2532 Acc: 0.9076
  val   Loss: 0.5157 Acc: 0.8333

Epoch 25/30
----------------------------------------
  train Loss: 0.2522 Acc: 0.8978
  val   Loss: 0.5209 Acc: 0.8333

Epoch 26/30
----------------------------------------
  train Loss: 0.2462 Acc: 0.9002
  val   Loss: 0.5223 Acc: 0.8218

Epoch 27/30
----------------------------------------
  train Loss: 0.2502 Acc: 0.8929
  val   Loss: 0.5099 Acc: 0.8333

Epoch 28/30
----------------------------------------
  train Loss: 0.2593 Acc: 0.8929
  val   Loss: 0.5209 Acc: 0.8391

Epoch 29/30
----------------------------------------
  train Loss: 0.2656 Acc: 0.8941
  val   Loss: 0.5095 Acc: 0.8333

Epoch 30/30
----------------------------------------
  train Loss: 0.2766 Acc: 0.8793
  val   Loss: 0.5098 Acc: 0.8276

[SELESAI] ENTROPY 70% seed=2024 - Best Val Acc: 0.8391
[INFO] Checkpoint disimpan: D:\S2 UMAYAH\TESIS\Pra Penelitian 2\checkpoints\ablation_entropy_70pct_30ep_traincal_seed2024.pth
[INFO] Inferensi: median=12.91 ms (rata-rata=13.00 +/- 0.47 ms, 300 runs, 30 warmup, 1 thread)

============================================================
HASIL EVALUASI
============================================================
  Akurasi      : 0.8391 (83.91%)
  Precision    : 0.8445
  Recall       : 0.8391
  F1-Score     : 0.8382
  Parameter    : 971,395
  Ukuran (MB)  : 3.76
  FLOPs        : 131.081 M
  Inferensi    : 12.91 ms (median, std=0.47, n=300)
============================================================

Classification Report:
                     precision    recall  f1-score   support

    Brown_Spot_Rice     0.7500    0.7500    0.7500        20
   Common_Rust_Corn     0.9474    0.9474    0.9474        19
Gray_Leaf_Spot_Corn     0.8889    0.8000    0.8421        20
       Healthy_Corn     0.8571    0.9474    0.9000        19
       Healthy_Rice     0.9048    1.0000    0.9500        19
  Healthy_Sugarcane     0.9333    0.7368    0.8235        19
    Leaf_Blast_Rice     0.7368    0.7000    0.7179        20
   Mosaic_Sugarcane     0.7083    0.8947    0.7907        19
     Rust_Sugarcane     0.8824    0.7895    0.8333        19

           accuracy                         0.8391       174
          macro avg     0.8454    0.8406    0.8394       174
       weighted avg     0.8445    0.8391    0.8382       174

[INFO] Inferensi: median=13.12 ms (rata-rata=13.13 +/- 0.30 ms, 300 runs, 30 warmup, 1 thread)

============================================================
HASIL EVALUASI
============================================================
  Akurasi      : 0.8686 (86.86%)
  Precision    : 0.8704
  Recall       : 0.8686
  F1-Score     : 0.8690
  Parameter    : 971,395
  Ukuran (MB)  : 3.76
  FLOPs        : 131.081 M
  Inferensi    : 13.12 ms (median, std=0.30, n=300)
============================================================

Classification Report:
                     precision    recall  f1-score   support

    Brown_Spot_Rice     0.7619    0.8421    0.8000        19
   Common_Rust_Corn     0.9500    1.0000    0.9744        19
Gray_Leaf_Spot_Corn     0.9444    0.8947    0.9189        19
       Healthy_Corn     0.9474    0.9000    0.9231        20
       Healthy_Rice     0.9500    0.9500    0.9500        20
  Healthy_Sugarcane     0.8000    0.8000    0.8000        20
    Leaf_Blast_Rice     0.8421    0.8421    0.8421        19
   Mosaic_Sugarcane     0.7368    0.7368    0.7368        19
     Rust_Sugarcane     0.8947    0.8500    0.8718        20

           accuracy                         0.8686       175
          macro avg     0.8697    0.8684    0.8686       175
       weighted avg     0.8704    0.8686    0.8690       175

[INFO] Hasil sementara disimpan: D:\S2 UMAYAH\TESIS\Pra Penelitian 2\outputs\multiseed_single_criteria_results.json

>>> Run 17/42 | l1 60% seed=123 | Waktu berjalan: 698.7 menit (11.64 jam)
[Pruning] Rasio: 60%
  Channel total  : 7104
  Channel dipangkas: 4257
  Channel tersisa  : 2847
[TRAIN] 812 gambar, 9 kelas, batch_size=32
[VAL] 174 gambar, 9 kelas, batch_size=32
[TEST] 175 gambar, 9 kelas, batch_size=32

============================================================
L1 60% seed=123 (mask identik di ketiga seed)
============================================================
[INFO] Training L1 60% seed=123 pada cpu, 30 epoch, lr=0.0001

Epoch 1/30
----------------------------------------
  train Loss: 1.2842 Acc: 0.5382
  val   Loss: 1.8134 Acc: 0.3621
  >> Model terbaik diperbarui! Val Acc: 0.3621

Epoch 2/30
----------------------------------------
  train Loss: 0.7315 Acc: 0.7204
  val   Loss: 0.7934 Acc: 0.7471
  >> Model terbaik diperbarui! Val Acc: 0.7471

Epoch 3/30
----------------------------------------
  train Loss: 0.5766 Acc: 0.7833
  val   Loss: 0.6714 Acc: 0.7931
  >> Model terbaik diperbarui! Val Acc: 0.7931

Epoch 4/30
----------------------------------------
  train Loss: 0.4406 Acc: 0.8251
  val   Loss: 0.6298 Acc: 0.7989
  >> Model terbaik diperbarui! Val Acc: 0.7989

Epoch 5/30
----------------------------------------
  train Loss: 0.4043 Acc: 0.8387
  val   Loss: 0.5526 Acc: 0.7874

Epoch 6/30
----------------------------------------
  train Loss: 0.3409 Acc: 0.8621
  val   Loss: 0.5516 Acc: 0.7989

Epoch 7/30
----------------------------------------
  train Loss: 0.3381 Acc: 0.8621
  val   Loss: 0.5669 Acc: 0.8161
  >> Model terbaik diperbarui! Val Acc: 0.8161

Epoch 8/30D:\S2 UMAYAH\TESIS\Pra Penelitian 2\venv\Lib\site-packages\torch\utils\data\dataloader.py:1102: UserWarning: 'pin_memory' argument is set as true but no accelerator is found, then device pinned memory won't be used.
  super().__init__(loader)
D:\S2 UMAYAH\TESIS\Pra Penelitian 2\venv\Lib\site-packages\torch\utils\data\dataloader.py:1102: UserWarning: 'pin_memory' argument is set as true but no accelerator is found, then device pinned memory won't be used.
  super().__init__(loader)

----------------------------------------
  train Loss: 0.3029 Acc: 0.8756
  val   Loss: 0.5312 Acc: 0.8276
  >> Model terbaik diperbarui! Val Acc: 0.8276

Epoch 9/30
----------------------------------------
  train Loss: 0.2846 Acc: 0.8966
  val   Loss: 0.5534 Acc: 0.8391
  >> Model terbaik diperbarui! Val Acc: 0.8391

Epoch 10/30
----------------------------------------
  train Loss: 0.2300 Acc: 0.9089
  val   Loss: 0.5155 Acc: 0.8448
  >> Model terbaik diperbarui! Val Acc: 0.8448

Epoch 11/30
----------------------------------------
  train Loss: 0.2245 Acc: 0.9064
  val   Loss: 0.5178 Acc: 0.8391

Epoch 12/30
----------------------------------------
  train Loss: 0.2114 Acc: 0.9027
  val   Loss: 0.5360 Acc: 0.8448

Epoch 13/30
----------------------------------------
  train Loss: 0.2305 Acc: 0.9175
  val   Loss: 0.5239 Acc: 0.8506
  >> Model terbaik diperbarui! Val Acc: 0.8506

Epoch 14/30
----------------------------------------
  train Loss: 0.2065 Acc: 0.9101
  val   Loss: 0.5248 Acc: 0.8506

Epoch 15/30
----------------------------------------
  train Loss: 0.2102 Acc: 0.9187
  val   Loss: 0.5224 Acc: 0.8506

Epoch 16/30
----------------------------------------
  train Loss: 0.2039 Acc: 0.9150
  val   Loss: 0.5233 Acc: 0.8448

Epoch 17/30
----------------------------------------
  train Loss: 0.2517 Acc: 0.9015
  val   Loss: 0.5243 Acc: 0.8563
  >> Model terbaik diperbarui! Val Acc: 0.8563

Epoch 18/30
----------------------------------------
  train Loss: 0.2159 Acc: 0.9027
  val   Loss: 0.5195 Acc: 0.8448

Epoch 19/30
----------------------------------------
  train Loss: 0.2060 Acc: 0.9163
  val   Loss: 0.5193 Acc: 0.8391

Epoch 20/30
----------------------------------------
  train Loss: 0.1979 Acc: 0.9138
  val   Loss: 0.5149 Acc: 0.8506

Epoch 21/30
----------------------------------------
  train Loss: 0.2158 Acc: 0.9027
  val   Loss: 0.5149 Acc: 0.8506

Epoch 22/30
----------------------------------------
  train Loss: 0.2178 Acc: 0.9002
  val   Loss: 0.5153 Acc: 0.8506

Epoch 23/30
----------------------------------------
  train Loss: 0.2110 Acc: 0.9150
  val   Loss: 0.5142 Acc: 0.8506

Epoch 24/30
----------------------------------------
  train Loss: 0.2042 Acc: 0.9175
  val   Loss: 0.5194 Acc: 0.8448

Epoch 25/30
----------------------------------------
  train Loss: 0.2125 Acc: 0.9039
  val   Loss: 0.5185 Acc: 0.8448

Epoch 26/30
----------------------------------------
  train Loss: 0.1964 Acc: 0.9187
  val   Loss: 0.5181 Acc: 0.8506

Epoch 27/30
----------------------------------------
  train Loss: 0.2039 Acc: 0.9138
  val   Loss: 0.5156 Acc: 0.8563

Epoch 28/30
----------------------------------------
  train Loss: 0.2143 Acc: 0.9126
  val   Loss: 0.5094 Acc: 0.8506

Epoch 29/30
----------------------------------------
  train Loss: 0.1962 Acc: 0.9076
  val   Loss: 0.5185 Acc: 0.8506

Epoch 30/30
----------------------------------------
  train Loss: 0.1925 Acc: 0.9187
  val   Loss: 0.5159 Acc: 0.8506

[SELESAI] L1 60% seed=123 - Best Val Acc: 0.8563
[INFO] Checkpoint disimpan: D:\S2 UMAYAH\TESIS\Pra Penelitian 2\checkpoints\ablation_l1_60pct_30ep_seed123.pth
[INFO] Inferensi: median=15.05 ms (rata-rata=15.17 +/- 0.48 ms, 300 runs, 30 warmup, 1 thread)

============================================================
HASIL EVALUASI
============================================================
  Akurasi      : 0.8563 (85.63%)
  Precision    : 0.8671
  Recall       : 0.8563
  F1-Score     : 0.8542
  Parameter    : 1,152,036
  Ukuran (MB)  : 4.46
  FLOPs        : 159.010 M
  Inferensi    : 15.05 ms (median, std=0.48, n=300)
============================================================

Classification Report:
                     precision    recall  f1-score   support

    Brown_Spot_Rice     0.8750    0.7000    0.7778        20
   Common_Rust_Corn     0.9474    0.9474    0.9474        19
Gray_Leaf_Spot_Corn     0.9412    0.8000    0.8649        20
       Healthy_Corn     0.9500    1.0000    0.9744        19
       Healthy_Rice     0.8261    1.0000    0.9048        19
  Healthy_Sugarcane     0.9231    0.6316    0.7500        19
    Leaf_Blast_Rice     0.8095    0.8500    0.8293        20
   Mosaic_Sugarcane     0.6800    0.8947    0.7727        19
     Rust_Sugarcane     0.8500    0.8947    0.8718        19

           accuracy                         0.8563       174
          macro avg     0.8669    0.8576    0.8548       174
       weighted avg     0.8671    0.8563    0.8542       174

[INFO] Inferensi: median=14.97 ms (rata-rata=15.18 +/- 1.37 ms, 300 runs, 30 warmup, 1 thread)

============================================================
HASIL EVALUASI
============================================================
  Akurasi      : 0.8743 (87.43%)
  Precision    : 0.8871
  Recall       : 0.8743
  F1-Score     : 0.8736
  Parameter    : 1,152,036
  Ukuran (MB)  : 4.46
  FLOPs        : 159.010 M
  Inferensi    : 14.97 ms (median, std=1.37, n=300)
============================================================

Classification Report:
                     precision    recall  f1-score   support

    Brown_Spot_Rice     0.6538    0.8947    0.7556        19
   Common_Rust_Corn     0.9500    1.0000    0.9744        19
Gray_Leaf_Spot_Corn     1.0000    0.9474    0.9730        19
       Healthy_Corn     0.9500    0.9500    0.9500        20
       Healthy_Rice     0.9000    0.9000    0.9000        20
  Healthy_Sugarcane     0.8333    0.7500    0.7895        20
    Leaf_Blast_Rice     0.9167    0.5789    0.7097        19
   Mosaic_Sugarcane     0.7727    0.8947    0.8293        19
     Rust_Sugarcane     1.0000    0.9500    0.9744        20

           accuracy                         0.8743       175
          macro avg     0.8863    0.8740    0.8729       175
       weighted avg     0.8871    0.8743    0.8736       175

[INFO] Hasil sementara disimpan: D:\S2 UMAYAH\TESIS\Pra Penelitian 2\outputs\multiseed_single_criteria_results.json

>>> Run 18/42 | l1 60% seed=2024 | Waktu berjalan: 734.6 menit (12.24 jam)
[TRAIN] 812 gambar, 9 kelas, batch_size=32
[VAL] 174 gambar, 9 kelas, batch_size=32
[TEST] 175 gambar, 9 kelas, batch_size=32

============================================================
L1 60% seed=2024 (mask identik di ketiga seed)
============================================================
[INFO] Training L1 60% seed=2024 pada cpu, 30 epoch, lr=0.0001

Epoch 1/30
----------------------------------------
  train Loss: 1.2921 Acc: 0.5271
  val   Loss: 2.0313 Acc: 0.2931
  >> Model terbaik diperbarui! Val Acc: 0.2931

Epoch 2/30
----------------------------------------
  train Loss: 0.7034 Acc: 0.7278
  val   Loss: 0.7835 Acc: 0.7529
  >> Model terbaik diperbarui! Val Acc: 0.7529

Epoch 3/30
----------------------------------------
  train Loss: 0.5638 Acc: 0.7709
  val   Loss: 0.6357 Acc: 0.7816
  >> Model terbaik diperbarui! Val Acc: 0.7816

Epoch 4/30
----------------------------------------
  train Loss: 0.4961 Acc: 0.8042
  val   Loss: 0.6080 Acc: 0.7816

Epoch 5/30
----------------------------------------
  train Loss: 0.4418 Acc: 0.8337
  val   Loss: 0.5632 Acc: 0.7874
  >> Model terbaik diperbarui! Val Acc: 0.7874

Epoch 6/30
----------------------------------------
  train Loss: 0.3482 Acc: 0.8645
  val   Loss: 0.5640 Acc: 0.8218
  >> Model terbaik diperbarui! Val Acc: 0.8218

Epoch 7/30
----------------------------------------
  train Loss: 0.3088 Acc: 0.8805
  val   Loss: 0.5440 Acc: 0.8103

Epoch 8/30
----------------------------------------
  train Loss: 0.3113 Acc: 0.8670
  val   Loss: 0.5212 Acc: 0.8218

Epoch 9/30
----------------------------------------
  train Loss: 0.2723 Acc: 0.8904
  val   Loss: 0.5112 Acc: 0.8218

Epoch 10/30
----------------------------------------
  train Loss: 0.2866 Acc: 0.8842
  val   Loss: 0.4520 Acc: 0.8333
  >> Model terbaik diperbarui! Val Acc: 0.8333

Epoch 11/30
----------------------------------------
  train Loss: 0.2330 Acc: 0.9052D:\S2 UMAYAH\TESIS\Pra Penelitian 2\venv\Lib\site-packages\torch\utils\data\dataloader.py:1102: UserWarning: 'pin_memory' argument is set as true but no accelerator is found, then device pinned memory won't be used.
  super().__init__(loader)
D:\S2 UMAYAH\TESIS\Pra Penelitian 2\venv\Lib\site-packages\torch\utils\data\dataloader.py:1102: UserWarning: 'pin_memory' argument is set as true but no accelerator is found, then device pinned memory won't be used.
  super().__init__(loader)

  val   Loss: 0.4563 Acc: 0.8333

Epoch 12/30
----------------------------------------
  train Loss: 0.2542 Acc: 0.9027
  val   Loss: 0.4633 Acc: 0.8391
  >> Model terbaik diperbarui! Val Acc: 0.8391

Epoch 13/30
----------------------------------------
  train Loss: 0.2184 Acc: 0.9076
  val   Loss: 0.4496 Acc: 0.8391

Epoch 14/30
----------------------------------------
  train Loss: 0.2315 Acc: 0.9052
  val   Loss: 0.4532 Acc: 0.8391

Epoch 15/30
----------------------------------------
  train Loss: 0.2319 Acc: 0.8941
  val   Loss: 0.4517 Acc: 0.8391

Epoch 16/30
----------------------------------------
  train Loss: 0.2260 Acc: 0.9064
  val   Loss: 0.4580 Acc: 0.8391

Epoch 17/30
----------------------------------------
  train Loss: 0.2072 Acc: 0.9076
  val   Loss: 0.4563 Acc: 0.8391

Epoch 18/30
----------------------------------------
  train Loss: 0.2052 Acc: 0.9089
  val   Loss: 0.4681 Acc: 0.8391

Epoch 19/30
----------------------------------------
  train Loss: 0.2077 Acc: 0.9163
  val   Loss: 0.4757 Acc: 0.8448
  >> Model terbaik diperbarui! Val Acc: 0.8448

Epoch 20/30
----------------------------------------
  train Loss: 0.1952 Acc: 0.9249
  val   Loss: 0.4695 Acc: 0.8333

Epoch 21/30
----------------------------------------
  train Loss: 0.2064 Acc: 0.9175
  val   Loss: 0.4644 Acc: 0.8391

Epoch 22/30
----------------------------------------
  train Loss: 0.2015 Acc: 0.9052
  val   Loss: 0.4660 Acc: 0.8333

Epoch 23/30
----------------------------------------
  train Loss: 0.2294 Acc: 0.9113
  val   Loss: 0.4653 Acc: 0.8448

Epoch 24/30
----------------------------------------
  train Loss: 0.2083 Acc: 0.9113
  val   Loss: 0.4632 Acc: 0.8506
  >> Model terbaik diperbarui! Val Acc: 0.8506

Epoch 25/30
----------------------------------------
  train Loss: 0.1977 Acc: 0.9200
  val   Loss: 0.4680 Acc: 0.8276

Epoch 26/30
----------------------------------------
  train Loss: 0.2173 Acc: 0.9064
  val   Loss: 0.4644 Acc: 0.8391

Epoch 27/30
----------------------------------------
  train Loss: 0.1998 Acc: 0.9150
  val   Loss: 0.4590 Acc: 0.8391

Epoch 28/30
----------------------------------------
  train Loss: 0.1958 Acc: 0.9138
  val   Loss: 0.4660 Acc: 0.8333

Epoch 29/30
----------------------------------------
  train Loss: 0.1877 Acc: 0.9126
  val   Loss: 0.4653 Acc: 0.8333

Epoch 30/30
----------------------------------------
  train Loss: 0.1950 Acc: 0.9138
  val   Loss: 0.4672 Acc: 0.8448

[SELESAI] L1 60% seed=2024 - Best Val Acc: 0.8506
[INFO] Checkpoint disimpan: D:\S2 UMAYAH\TESIS\Pra Penelitian 2\checkpoints\ablation_l1_60pct_30ep_seed2024.pth
[INFO] Inferensi: median=14.66 ms (rata-rata=14.76 +/- 0.38 ms, 300 runs, 30 warmup, 1 thread)

============================================================
HASIL EVALUASI
============================================================
  Akurasi      : 0.8506 (85.06%)
  Precision    : 0.8560
  Recall       : 0.8506
  F1-Score     : 0.8487
  Parameter    : 1,152,036
  Ukuran (MB)  : 4.46
  FLOPs        : 159.010 M
  Inferensi    : 14.66 ms (median, std=0.38, n=300)
============================================================

Classification Report:
                     precision    recall  f1-score   support

    Brown_Spot_Rice     0.8667    0.6500    0.7429        20
   Common_Rust_Corn     0.9474    0.9474    0.9474        19
Gray_Leaf_Spot_Corn     0.9412    0.8000    0.8649        20
       Healthy_Corn     0.9048    1.0000    0.9500        19
       Healthy_Rice     0.8182    0.9474    0.8780        19
  Healthy_Sugarcane     0.8750    0.7368    0.8000        19
    Leaf_Blast_Rice     0.7727    0.8500    0.8095        20
   Mosaic_Sugarcane     0.7273    0.8421    0.7805        19
     Rust_Sugarcane     0.8500    0.8947    0.8718        19

           accuracy                         0.8506       174
          macro avg     0.8559    0.8520    0.8494       174
       weighted avg     0.8560    0.8506    0.8487       174

[INFO] Inferensi: median=15.01 ms (rata-rata=15.07 +/- 0.25 ms, 300 runs, 30 warmup, 1 thread)

============================================================
HASIL EVALUASI
============================================================
  Akurasi      : 0.8686 (86.86%)
  Precision    : 0.8769
  Recall       : 0.8686
  F1-Score     : 0.8681
  Parameter    : 1,152,036
  Ukuran (MB)  : 4.46
  FLOPs        : 159.010 M
  Inferensi    : 15.01 ms (median, std=0.25, n=300)
============================================================

Classification Report:
                     precision    recall  f1-score   support

    Brown_Spot_Rice     0.6957    0.8421    0.7619        19
   Common_Rust_Corn     0.9500    1.0000    0.9744        19
Gray_Leaf_Spot_Corn     1.0000    0.8947    0.9444        19
       Healthy_Corn     0.9000    0.9000    0.9000        20
       Healthy_Rice     0.9091    1.0000    0.9524        20
  Healthy_Sugarcane     0.7500    0.7500    0.7500        20
    Leaf_Blast_Rice     0.9231    0.6316    0.7500        19
   Mosaic_Sugarcane     0.7619    0.8421    0.8000        19
     Rust_Sugarcane     1.0000    0.9500    0.9744        20

           accuracy                         0.8686       175
          macro avg     0.8766    0.8678    0.8675       175
       weighted avg     0.8769    0.8686    0.8681       175

[INFO] Hasil sementara disimpan: D:\S2 UMAYAH\TESIS\Pra Penelitian 2\outputs\multiseed_single_criteria_results.json

>>> Run 19/42 | l1 70% seed=123 | Waktu berjalan: 770.6 menit (12.84 jam)
[Pruning] Rasio: 70%
  Channel total  : 7104
  Channel dipangkas: 4966
  Channel tersisa  : 2138
[TRAIN] 812 gambar, 9 kelas, batch_size=32
[VAL] 174 gambar, 9 kelas, batch_size=32
[TEST] 175 gambar, 9 kelas, batch_size=32

============================================================
L1 70% seed=123 (mask identik di ketiga seed)
============================================================
[INFO] Training L1 70% seed=123 pada cpu, 30 epoch, lr=0.0001

Epoch 1/30
----------------------------------------
  train Loss: 1.6965 Acc: 0.4064
  val   Loss: 2.4328 Acc: 0.1782
  >> Model terbaik diperbarui! Val Acc: 0.1782

Epoch 2/30
----------------------------------------
  train Loss: 1.1345 Acc: 0.5653
  val   Loss: 1.1662 Acc: 0.6092
  >> Model terbaik diperbarui! Val Acc: 0.6092

Epoch 3/30
----------------------------------------
  train Loss: 0.9112 Acc: 0.6490
  val   Loss: 1.0671 Acc: 0.6207
  >> Model terbaik diperbarui! Val Acc: 0.6207

Epoch 4/30
----------------------------------------
  train Loss: 0.7168 Acc: 0.7204
  val   Loss: 0.9666 Acc: 0.6897
  >> Model terbaik diperbarui! Val Acc: 0.6897

Epoch 5/30
----------------------------------------
  train Loss: 0.6413 Acc: 0.7512
  val   Loss: 0.8951 Acc: 0.7184
  >> Model terbaik diperbarui! Val Acc: 0.7184

Epoch 6/30
----------------------------------------
  train Loss: 0.5597 Acc: 0.7919
  val   Loss: 0.8549 Acc: 0.7356
  >> Model terbaik diperbarui! Val Acc: 0.7356

Epoch 7/30
----------------------------------------
  train Loss: 0.5076 Acc: 0.8054
  val   Loss: 0.8213 Acc: 0.7299

Epoch 8/30
----------------------------------------
  train Loss: 0.4705 Acc: 0.8091
  val   Loss: 0.8028 Acc: 0.7529
  >> Model terbaik diperbarui! Val Acc: 0.7529

Epoch 9/30
----------------------------------------
  train Loss: 0.4343 Acc: 0.8350
  val   Loss: 0.7742 Acc: 0.7414

Epoch 10/30
----------------------------------------
  train Loss: 0.4212 Acc: 0.8337
  val   Loss: 0.7231 Acc: 0.7471

Epoch 11/30
----------------------------------------
  train Loss: 0.3592 Acc: 0.8608
  val   Loss: 0.7107 Acc: 0.7471

Epoch 12/30
----------------------------------------
  train Loss: 0.3630 Acc: 0.8584
  val   Loss: 0.7208 Acc: 0.7644
  >> Model terbaik diperbarui! Val Acc: 0.7644

Epoch 13/30
----------------------------------------
  train Loss: 0.4015 Acc: 0.8510
  val   Loss: 0.7103 Acc: 0.7471

Epoch 14/30
----------------------------------------D:\S2 UMAYAH\TESIS\Pra Penelitian 2\venv\Lib\site-packages\torch\utils\data\dataloader.py:1102: UserWarning: 'pin_memory' argument is set as true but no accelerator is found, then device pinned memory won't be used.
  super().__init__(loader)
D:\S2 UMAYAH\TESIS\Pra Penelitian 2\venv\Lib\site-packages\torch\utils\data\dataloader.py:1102: UserWarning: 'pin_memory' argument is set as true but no accelerator is found, then device pinned memory won't be used.
  super().__init__(loader)

  train Loss: 0.3691 Acc: 0.8621
  val   Loss: 0.6885 Acc: 0.7701
  >> Model terbaik diperbarui! Val Acc: 0.7701

Epoch 15/30
----------------------------------------
  train Loss: 0.3525 Acc: 0.8608
  val   Loss: 0.6897 Acc: 0.7471

Epoch 16/30
----------------------------------------
  train Loss: 0.3430 Acc: 0.8645
  val   Loss: 0.6928 Acc: 0.7529

Epoch 17/30
----------------------------------------
  train Loss: 0.3627 Acc: 0.8461
  val   Loss: 0.6947 Acc: 0.7471

Epoch 18/30
----------------------------------------
  train Loss: 0.3670 Acc: 0.8522
  val   Loss: 0.6892 Acc: 0.7529

Epoch 19/30
----------------------------------------
  train Loss: 0.3513 Acc: 0.8571
  val   Loss: 0.7020 Acc: 0.7414

Epoch 20/30
----------------------------------------
  train Loss: 0.3423 Acc: 0.8732
  val   Loss: 0.7004 Acc: 0.7471

Epoch 21/30
----------------------------------------
  train Loss: 0.3418 Acc: 0.8682
  val   Loss: 0.6976 Acc: 0.7529

Epoch 22/30
----------------------------------------
  train Loss: 0.3319 Acc: 0.8719
  val   Loss: 0.6874 Acc: 0.7644

Epoch 23/30
----------------------------------------
  train Loss: 0.3256 Acc: 0.8682
  val   Loss: 0.6955 Acc: 0.7586

Epoch 24/30
----------------------------------------
  train Loss: 0.3738 Acc: 0.8510
  val   Loss: 0.7052 Acc: 0.7471

Epoch 25/30
----------------------------------------
  train Loss: 0.3342 Acc: 0.8658
  val   Loss: 0.6975 Acc: 0.7644

Epoch 26/30
----------------------------------------
  train Loss: 0.3357 Acc: 0.8793
  val   Loss: 0.6870 Acc: 0.7701

Epoch 27/30
----------------------------------------
  train Loss: 0.3746 Acc: 0.8584
  val   Loss: 0.6899 Acc: 0.7586

Epoch 28/30
----------------------------------------
  train Loss: 0.3487 Acc: 0.8510
  val   Loss: 0.6965 Acc: 0.7471

Epoch 29/30
----------------------------------------
  train Loss: 0.3454 Acc: 0.8695
  val   Loss: 0.6982 Acc: 0.7586

Epoch 30/30
----------------------------------------
  train Loss: 0.3625 Acc: 0.8461
  val   Loss: 0.6808 Acc: 0.7644

[SELESAI] L1 70% seed=123 - Best Val Acc: 0.7701
[INFO] Checkpoint disimpan: D:\S2 UMAYAH\TESIS\Pra Penelitian 2\checkpoints\ablation_l1_70pct_30ep_seed123.pth
[INFO] Inferensi: median=14.22 ms (rata-rata=14.35 +/- 0.50 ms, 300 runs, 30 warmup, 1 thread)

============================================================
HASIL EVALUASI
============================================================
  Akurasi      : 0.7701 (77.01%)
  Precision    : 0.7734
  Recall       : 0.7701
  F1-Score     : 0.7631
  Parameter    : 971,395
  Ukuran (MB)  : 3.76
  FLOPs        : 131.081 M
  Inferensi    : 14.22 ms (median, std=0.50, n=300)
============================================================

Classification Report:
                     precision    recall  f1-score   support

    Brown_Spot_Rice     0.7500    0.6000    0.6667        20
   Common_Rust_Corn     0.9000    0.9474    0.9231        19
Gray_Leaf_Spot_Corn     0.9231    0.6000    0.7273        20
       Healthy_Corn     0.7500    0.9474    0.8372        19
       Healthy_Rice     0.8500    0.8947    0.8718        19
  Healthy_Sugarcane     0.7368    0.7368    0.7368        19
    Leaf_Blast_Rice     0.7083    0.8500    0.7727        20
   Mosaic_Sugarcane     0.6000    0.4737    0.5294        19
     Rust_Sugarcane     0.7391    0.8947    0.8095        19

           accuracy                         0.7701       174
          macro avg     0.7730    0.7716    0.7638       174
       weighted avg     0.7734    0.7701    0.7631       174

[INFO] Inferensi: median=14.12 ms (rata-rata=14.28 +/- 0.65 ms, 300 runs, 30 warmup, 1 thread)

============================================================
HASIL EVALUASI
============================================================
  Akurasi      : 0.8171 (81.71%)
  Precision    : 0.8264
  Recall       : 0.8171
  F1-Score     : 0.8133
  Parameter    : 971,395
  Ukuran (MB)  : 3.76
  FLOPs        : 131.081 M
  Inferensi    : 14.12 ms (median, std=0.65, n=300)
============================================================

Classification Report:
                     precision    recall  f1-score   support

    Brown_Spot_Rice     0.5714    0.8421    0.6809        19
   Common_Rust_Corn     0.9500    1.0000    0.9744        19
Gray_Leaf_Spot_Corn     0.9444    0.8947    0.9189        19
       Healthy_Corn     0.8182    0.9000    0.8571        20
       Healthy_Rice     1.0000    0.9000    0.9474        20
  Healthy_Sugarcane     0.7895    0.7500    0.7692        20
    Leaf_Blast_Rice     0.7273    0.4211    0.5333        19
   Mosaic_Sugarcane     0.7647    0.6842    0.7222        19
     Rust_Sugarcane     0.8636    0.9500    0.9048        20

           accuracy                         0.8171       175
          macro avg     0.8255    0.8158    0.8120       175
       weighted avg     0.8264    0.8171    0.8133       175

[INFO] Hasil sementara disimpan: D:\S2 UMAYAH\TESIS\Pra Penelitian 2\outputs\multiseed_single_criteria_results.json

>>> Run 20/42 | l1 70% seed=2024 | Waktu berjalan: 805.1 menit (13.42 jam)
[TRAIN] 812 gambar, 9 kelas, batch_size=32
[VAL] 174 gambar, 9 kelas, batch_size=32
[TEST] 175 gambar, 9 kelas, batch_size=32

============================================================
L1 70% seed=2024 (mask identik di ketiga seed)
============================================================
[INFO] Training L1 70% seed=2024 pada cpu, 30 epoch, lr=0.0001

Epoch 1/30
----------------------------------------
  train Loss: 1.7491 Acc: 0.3867
  val   Loss: 2.4119 Acc: 0.1724
  >> Model terbaik diperbarui! Val Acc: 0.1724

Epoch 2/30
----------------------------------------
  train Loss: 1.0970 Acc: 0.5677
  val   Loss: 1.2115 Acc: 0.6034
  >> Model terbaik diperbarui! Val Acc: 0.6034

Epoch 3/30
----------------------------------------
  train Loss: 0.8612 Acc: 0.6601
  val   Loss: 1.0488 Acc: 0.6724
  >> Model terbaik diperbarui! Val Acc: 0.6724

Epoch 4/30
----------------------------------------
  train Loss: 0.7335 Acc: 0.7315
  val   Loss: 0.8880 Acc: 0.7069
  >> Model terbaik diperbarui! Val Acc: 0.7069

Epoch 5/30
----------------------------------------
  train Loss: 0.6389 Acc: 0.7635
  val   Loss: 0.8445 Acc: 0.7011

Epoch 6/30
----------------------------------------
  train Loss: 0.5651 Acc: 0.7771
  val   Loss: 0.7783 Acc: 0.7184
  >> Model terbaik diperbarui! Val Acc: 0.7184

Epoch 7/30
----------------------------------------
  train Loss: 0.5069 Acc: 0.7968
  val   Loss: 0.7245 Acc: 0.7471
  >> Model terbaik diperbarui! Val Acc: 0.7471

Epoch 8/30
----------------------------------------
  train Loss: 0.4290 Acc: 0.8387
  val   Loss: 0.7261 Acc: 0.7471

Epoch 9/30
----------------------------------------
  train Loss: 0.4290 Acc: 0.8239
  val   Loss: 0.7084 Acc: 0.7471

Epoch 10/30
----------------------------------------
  train Loss: 0.3983 Acc: 0.8337
  val   Loss: 0.7093 Acc: 0.7356

Epoch 11/30
----------------------------------------
  train Loss: 0.3640 Acc: 0.8534
  val   Loss: 0.6992 Acc: 0.7529
  >> Model terbaik diperbarui! Val Acc: 0.7529

Epoch 12/30
----------------------------------------
  train Loss: 0.3873 Acc: 0.8485
  val   Loss: 0.6830 Acc: 0.7701
  >> Model terbaik diperbarui! Val Acc: 0.7701

Epoch 13/30
----------------------------------------
  train Loss: 0.3971 Acc: 0.8399
  val   Loss: 0.6873 Acc: 0.7701

Epoch 14/30
----------------------------------------
  train Loss: 0.3895 Acc: 0.8436
  val   Loss: 0.6807 Acc: 0.7759
  >> Model terbaik diperbarui! Val Acc: 0.7759

Epoch 15/30
----------------------------------------
  train Loss: 0.3857 Acc: 0.8473
  val   Loss: 0.6691 Acc: 0.7759

Epoch 16/30
----------------------------------------
  train Loss: 0.3729 Acc: 0.8473
  val   Loss: 0.6557 Acc: 0.7759

Epoch 17/30
----------------------------------------
  train Loss: 0.3579 Acc: 0.8534
  val   Loss: 0.6644 Acc: 0.7759

Epoch 18/30
----------------------------------------D:\S2 UMAYAH\TESIS\Pra Penelitian 2\venv\Lib\site-packages\torch\utils\data\dataloader.py:1102: UserWarning: 'pin_memory' argument is set as true but no accelerator is found, then device pinned memory won't be used.
  super().__init__(loader)
D:\S2 UMAYAH\TESIS\Pra Penelitian 2\venv\Lib\site-packages\torch\utils\data\dataloader.py:1102: UserWarning: 'pin_memory' argument is set as true but no accelerator is found, then device pinned memory won't be used.
  super().__init__(loader)

  train Loss: 0.3545 Acc: 0.8485
  val   Loss: 0.6574 Acc: 0.7816
  >> Model terbaik diperbarui! Val Acc: 0.7816

Epoch 19/30
----------------------------------------
  train Loss: 0.3369 Acc: 0.8645
  val   Loss: 0.6557 Acc: 0.7759

Epoch 20/30
----------------------------------------
  train Loss: 0.3344 Acc: 0.8732
  val   Loss: 0.6471 Acc: 0.7701

Epoch 21/30
----------------------------------------
  train Loss: 0.3376 Acc: 0.8571
  val   Loss: 0.6553 Acc: 0.7816

Epoch 22/30
----------------------------------------
  train Loss: 0.3143 Acc: 0.8781
  val   Loss: 0.6522 Acc: 0.7816

Epoch 23/30
----------------------------------------
  train Loss: 0.3142 Acc: 0.8830
  val   Loss: 0.6576 Acc: 0.7816

Epoch 24/30
----------------------------------------
  train Loss: 0.3546 Acc: 0.8608
  val   Loss: 0.6488 Acc: 0.7759

Epoch 25/30
----------------------------------------
  train Loss: 0.3286 Acc: 0.8695
  val   Loss: 0.6559 Acc: 0.7816

Epoch 26/30
----------------------------------------
  train Loss: 0.3856 Acc: 0.8485
  val   Loss: 0.6418 Acc: 0.7759

Epoch 27/30
----------------------------------------
  train Loss: 0.3438 Acc: 0.8633
  val   Loss: 0.6390 Acc: 0.7874
  >> Model terbaik diperbarui! Val Acc: 0.7874

Epoch 28/30
----------------------------------------
  train Loss: 0.3384 Acc: 0.8510
  val   Loss: 0.6484 Acc: 0.7816

Epoch 29/30
----------------------------------------
  train Loss: 0.3548 Acc: 0.8621
  val   Loss: 0.6522 Acc: 0.7874

Epoch 30/30
----------------------------------------
  train Loss: 0.3218 Acc: 0.8695
  val   Loss: 0.6469 Acc: 0.7759

[SELESAI] L1 70% seed=2024 - Best Val Acc: 0.7874
[INFO] Checkpoint disimpan: D:\S2 UMAYAH\TESIS\Pra Penelitian 2\checkpoints\ablation_l1_70pct_30ep_seed2024.pth
[INFO] Inferensi: median=13.77 ms (rata-rata=14.00 +/- 0.83 ms, 300 runs, 30 warmup, 1 thread)

============================================================
HASIL EVALUASI
============================================================
  Akurasi      : 0.7874 (78.74%)
  Precision    : 0.7946
  Recall       : 0.7874
  F1-Score     : 0.7832
  Parameter    : 971,395
  Ukuran (MB)  : 3.76
  FLOPs        : 131.081 M
  Inferensi    : 13.77 ms (median, std=0.83, n=300)
============================================================

Classification Report:
                     precision    recall  f1-score   support

    Brown_Spot_Rice     0.7857    0.5500    0.6471        20
   Common_Rust_Corn     0.9000    0.9474    0.9231        19
Gray_Leaf_Spot_Corn     0.9286    0.6500    0.7647        20
       Healthy_Corn     0.7500    0.9474    0.8372        19
       Healthy_Rice     0.8500    0.8947    0.8718        19
  Healthy_Sugarcane     0.7895    0.7895    0.7895        19
    Leaf_Blast_Rice     0.6800    0.8500    0.7556        20
   Mosaic_Sugarcane     0.6667    0.6316    0.6486        19
     Rust_Sugarcane     0.8000    0.8421    0.8205        19

           accuracy                         0.7874       174
          macro avg     0.7945    0.7892    0.7842       174
       weighted avg     0.7946    0.7874    0.7832       174

[INFO] Inferensi: median=13.82 ms (rata-rata=13.93 +/- 0.44 ms, 300 runs, 30 warmup, 1 thread)

============================================================
HASIL EVALUASI
============================================================
  Akurasi      : 0.8229 (82.29%)
  Precision    : 0.8294
  Recall       : 0.8229
  F1-Score     : 0.8228
  Parameter    : 971,395
  Ukuran (MB)  : 3.76
  FLOPs        : 131.081 M
  Inferensi    : 13.82 ms (median, std=0.44, n=300)
============================================================

Classification Report:
                     precision    recall  f1-score   support

    Brown_Spot_Rice     0.6250    0.7895    0.6977        19
   Common_Rust_Corn     0.9500    1.0000    0.9744        19
Gray_Leaf_Spot_Corn     1.0000    0.8947    0.9444        19
       Healthy_Corn     0.8636    0.9500    0.9048        20
       Healthy_Rice     0.9412    0.8000    0.8649        20
  Healthy_Sugarcane     0.7000    0.7000    0.7000        20
    Leaf_Blast_Rice     0.8125    0.6842    0.7429        19
   Mosaic_Sugarcane     0.7059    0.6316    0.6667        19
     Rust_Sugarcane     0.8636    0.9500    0.9048        20

           accuracy                         0.8229       175
          macro avg     0.8291    0.8222    0.8223       175
       weighted avg     0.8294    0.8229    0.8228       175

[INFO] Hasil sementara disimpan: D:\S2 UMAYAH\TESIS\Pra Penelitian 2\outputs\multiseed_single_criteria_results.json

>>> Run 21/42 | gm 10% seed=123 | Waktu berjalan: 842.8 menit (14.05 jam)
[Pruning] Rasio: 10%
  Channel total  : 7104
  Channel dipangkas: 705
  Channel tersisa  : 6399
[TRAIN] 812 gambar, 9 kelas, batch_size=32
[VAL] 174 gambar, 9 kelas, batch_size=32
[TEST] 175 gambar, 9 kelas, batch_size=32

============================================================
GM 10% seed=123 (mask identik di ketiga seed)
============================================================
[INFO] Training GM 10% seed=123 pada cpu, 30 epoch, lr=0.0001

Epoch 1/30
----------------------------------------
  train Loss: 0.0776 Acc: 0.9631
  val   Loss: 0.2860 Acc: 0.9310
  >> Model terbaik diperbarui! Val Acc: 0.9310

Epoch 2/30
----------------------------------------
  train Loss: 0.0657 Acc: 0.9680
  val   Loss: 0.2932 Acc: 0.9253

Epoch 3/30
----------------------------------------
  train Loss: 0.0680 Acc: 0.9618
  val   Loss: 0.2947 Acc: 0.9253

Epoch 4/30
----------------------------------------
  train Loss: 0.0584 Acc: 0.9655
  val   Loss: 0.3033 Acc: 0.9310

Epoch 5/30
----------------------------------------
  train Loss: 0.0375 Acc: 0.9754
  val   Loss: 0.2948 Acc: 0.9138

Epoch 6/30
----------------------------------------
  train Loss: 0.0581 Acc: 0.9643
  val   Loss: 0.2658 Acc: 0.9368
  >> Model terbaik diperbarui! Val Acc: 0.9368

Epoch 7/30
----------------------------------------
  train Loss: 0.0381 Acc: 0.9741
  val   Loss: 0.2610 Acc: 0.9425
  >> Model terbaik diperbarui! Val Acc: 0.9425

Epoch 8/30
----------------------------------------
  train Loss: 0.0319 Acc: 0.9754
  val   Loss: 0.2843 Acc: 0.9368

Epoch 9/30
----------------------------------------
  train Loss: 0.0328 Acc: 0.9754
  val   Loss: 0.3091 Acc: 0.9368

Epoch 10/30
----------------------------------------
  train Loss: 0.0337 Acc: 0.9717
  val   Loss: 0.3104 Acc: 0.9253

Epoch 11/30
----------------------------------------
  train Loss: 0.0172 Acc: 0.9815
  val   Loss: 0.2957 Acc: 0.9310

Epoch 12/30
----------------------------------------
  train Loss: 0.0214 Acc: 0.9803
  val   Loss: 0.2992 Acc: 0.9310

Epoch 13/30
----------------------------------------
  train Loss: 0.0320 Acc: 0.9778
  val   Loss: 0.2823 Acc: 0.9310

Epoch 14/30
----------------------------------------
  train Loss: 0.0311 Acc: 0.9704
  val   Loss: 0.2966 Acc: 0.9310

Epoch 15/30
----------------------------------------
  train Loss: 0.0223 Acc: 0.9766
  val   Loss: 0.2852 Acc: 0.9368

Epoch 16/30
----------------------------------------
  train Loss: 0.0229 Acc: 0.9791
  val   Loss: 0.2903 Acc: 0.9368

Epoch 17/30
----------------------------------------
  train Loss: 0.0402 Acc: 0.9741
  val   Loss: 0.2999 Acc: 0.9368

Epoch 18/30
----------------------------------------
  train Loss: 0.0305 Acc: 0.9741
  val   Loss: 0.2957 Acc: 0.9368

Epoch 19/30
----------------------------------------
  train Loss: 0.0242 Acc: 0.9803
  val   Loss: 0.2807 Acc: 0.9368

Epoch 20/30
----------------------------------------
  train Loss: 0.0227 Acc: 0.9791
  val   Loss: 0.2769 Acc: 0.9368

Epoch 21/30
----------------------------------------
  train Loss: 0.0240 Acc: 0.9778
  val   Loss: 0.2824 Acc: 0.9310

Epoch 22/30
----------------------------------------
  train Loss: 0.0192 Acc: 0.9815
  val   Loss: 0.2794 Acc: 0.9368

Epoch 23/30
----------------------------------------
  train Loss: 0.0149 Acc: 0.9828D:\S2 UMAYAH\TESIS\Pra Penelitian 2\venv\Lib\site-packages\torch\utils\data\dataloader.py:1102: UserWarning: 'pin_memory' argument is set as true but no accelerator is found, then device pinned memory won't be used.
  super().__init__(loader)
D:\S2 UMAYAH\TESIS\Pra Penelitian 2\venv\Lib\site-packages\torch\utils\data\dataloader.py:1102: UserWarning: 'pin_memory' argument is set as true but no accelerator is found, then device pinned memory won't be used.
  super().__init__(loader)

  val   Loss: 0.2932 Acc: 0.9368

Epoch 24/30
----------------------------------------
  train Loss: 0.0241 Acc: 0.9778
  val   Loss: 0.2669 Acc: 0.9310

Epoch 25/30
----------------------------------------
  train Loss: 0.0207 Acc: 0.9803
  val   Loss: 0.2870 Acc: 0.9368

Epoch 26/30
----------------------------------------
  train Loss: 0.0213 Acc: 0.9803
  val   Loss: 0.2855 Acc: 0.9368

Epoch 27/30
----------------------------------------
  train Loss: 0.0222 Acc: 0.9778
  val   Loss: 0.2873 Acc: 0.9368

Epoch 28/30
----------------------------------------
  train Loss: 0.0221 Acc: 0.9778
  val   Loss: 0.2839 Acc: 0.9310

Epoch 29/30
----------------------------------------
  train Loss: 0.0192 Acc: 0.9791
  val   Loss: 0.2881 Acc: 0.9368

Epoch 30/30
----------------------------------------
  train Loss: 0.0239 Acc: 0.9778
  val   Loss: 0.2910 Acc: 0.9425

[SELESAI] GM 10% seed=123 - Best Val Acc: 0.9425
[INFO] Checkpoint disimpan: D:\S2 UMAYAH\TESIS\Pra Penelitian 2\checkpoints\ablation_gmexp_10pct_30ep_seed123.pth
[INFO] Inferensi: median=26.38 ms (rata-rata=26.68 +/- 1.59 ms, 300 runs, 30 warmup, 1 thread)

============================================================
HASIL EVALUASI
============================================================
  Akurasi      : 0.9425 (94.25%)
  Precision    : 0.9437
  Recall       : 0.9425
  F1-Score     : 0.9423
  Parameter    : 2,055,492
  Ukuran (MB)  : 7.96
  FLOPs        : 298.766 M
  Inferensi    : 26.38 ms (median, std=1.59, n=300)
============================================================

Classification Report:
                     precision    recall  f1-score   support

    Brown_Spot_Rice     0.8571    0.9000    0.8780        20
   Common_Rust_Corn     1.0000    0.9474    0.9730        19
Gray_Leaf_Spot_Corn     1.0000    1.0000    1.0000        20
       Healthy_Corn     1.0000    1.0000    1.0000        19
       Healthy_Rice     0.9500    1.0000    0.9744        19
  Healthy_Sugarcane     0.9444    0.8947    0.9189        19
    Leaf_Blast_Rice     0.8889    0.8000    0.8421        20
   Mosaic_Sugarcane     0.8571    0.9474    0.9000        19
     Rust_Sugarcane     1.0000    1.0000    1.0000        19

           accuracy                         0.9425       174
          macro avg     0.9442    0.9433    0.9429       174
       weighted avg     0.9437    0.9425    0.9423       174

[INFO] Inferensi: median=26.22 ms (rata-rata=26.92 +/- 3.04 ms, 300 runs, 30 warmup, 1 thread)

============================================================
HASIL EVALUASI
============================================================
  Akurasi      : 0.9600 (96.00%)
  Precision    : 0.9631
  Recall       : 0.9600
  F1-Score     : 0.9603
  Parameter    : 2,055,492
  Ukuran (MB)  : 7.96
  FLOPs        : 298.766 M
  Inferensi    : 26.22 ms (median, std=3.04, n=300)
============================================================

Classification Report:
                     precision    recall  f1-score   support

    Brown_Spot_Rice     0.8182    0.9474    0.8780        19
   Common_Rust_Corn     1.0000    1.0000    1.0000        19
Gray_Leaf_Spot_Corn     1.0000    1.0000    1.0000        19
       Healthy_Corn     1.0000    1.0000    1.0000        20
       Healthy_Rice     0.9500    0.9500    0.9500        20
  Healthy_Sugarcane     0.9500    0.9500    0.9500        20
    Leaf_Blast_Rice     1.0000    0.8421    0.9143        19
   Mosaic_Sugarcane     0.9474    0.9474    0.9474        19
     Rust_Sugarcane     1.0000    1.0000    1.0000        20

           accuracy                         0.9600       175
          macro avg     0.9628    0.9596    0.9600       175
       weighted avg     0.9631    0.9600    0.9603       175

[INFO] Hasil sementara disimpan: D:\S2 UMAYAH\TESIS\Pra Penelitian 2\outputs\multiseed_single_criteria_results.json

>>> Run 22/42 | gm 10% seed=2024 | Waktu berjalan: 895.8 menit (14.93 jam)
[TRAIN] 812 gambar, 9 kelas, batch_size=32
[VAL] 174 gambar, 9 kelas, batch_size=32
[TEST] 175 gambar, 9 kelas, batch_size=32

============================================================
GM 10% seed=2024 (mask identik di ketiga seed)
============================================================
[INFO] Training GM 10% seed=2024 pada cpu, 30 epoch, lr=0.0001

Epoch 1/30
----------------------------------------
  train Loss: 0.0893 Acc: 0.9569
  val   Loss: 0.2867 Acc: 0.9195
  >> Model terbaik diperbarui! Val Acc: 0.9195

Epoch 2/30
----------------------------------------
  train Loss: 0.0695 Acc: 0.9655
  val   Loss: 0.2677 Acc: 0.9368
  >> Model terbaik diperbarui! Val Acc: 0.9368

Epoch 3/30
----------------------------------------
  train Loss: 0.0835 Acc: 0.9544
  val   Loss: 0.2467 Acc: 0.9425
  >> Model terbaik diperbarui! Val Acc: 0.9425

Epoch 4/30
----------------------------------------
  train Loss: 0.0519 Acc: 0.9680
  val   Loss: 0.2467 Acc: 0.9368

Epoch 5/30
----------------------------------------
  train Loss: 0.0485 Acc: 0.9680
  val   Loss: 0.2445 Acc: 0.9483
  >> Model terbaik diperbarui! Val Acc: 0.9483

Epoch 6/30
----------------------------------------
  train Loss: 0.0414 Acc: 0.9717
  val   Loss: 0.2363 Acc: 0.9483

Epoch 7/30
----------------------------------------
  train Loss: 0.0348 Acc: 0.9704
  val   Loss: 0.2358 Acc: 0.9483

Epoch 8/30
----------------------------------------
  train Loss: 0.0466 Acc: 0.9729
  val   Loss: 0.3074 Acc: 0.9310

Epoch 9/30
----------------------------------------
  train Loss: 0.0314 Acc: 0.9741
  val   Loss: 0.2818 Acc: 0.9425

Epoch 10/30
----------------------------------------
  train Loss: 0.0253 Acc: 0.9778
  val   Loss: 0.3028 Acc: 0.9425

Epoch 11/30
----------------------------------------
  train Loss: 0.0257 Acc: 0.9778
  val   Loss: 0.2821 Acc: 0.9425

Epoch 12/30
----------------------------------------
  train Loss: 0.0251 Acc: 0.9766
  val   Loss: 0.2934 Acc: 0.9425

Epoch 13/30
----------------------------------------
  train Loss: 0.0178 Acc: 0.9815
  val   Loss: 0.2934 Acc: 0.9368

Epoch 14/30
----------------------------------------
  train Loss: 0.0346 Acc: 0.9754
  val   Loss: 0.2918 Acc: 0.9368

Epoch 15/30
----------------------------------------
  train Loss: 0.0369 Acc: 0.9741
  val   Loss: 0.2976 Acc: 0.9425

Epoch 16/30
----------------------------------------
  train Loss: 0.0162 Acc: 0.9815
  val   Loss: 0.2897 Acc: 0.9368

Epoch 17/30
----------------------------------------
  train Loss: 0.0256 Acc: 0.9766
  val   Loss: 0.2916 Acc: 0.9483

Epoch 18/30
----------------------------------------
  train Loss: 0.0166 Acc: 0.9815
  val   Loss: 0.2891 Acc: 0.9425

Epoch 19/30
----------------------------------------
  train Loss: 0.0180 Acc: 0.9815
  val   Loss: 0.2942 Acc: 0.9425

Epoch 20/30
----------------------------------------
  train Loss: 0.0210 Acc: 0.9778
  val   Loss: 0.2906 Acc: 0.9425

Epoch 21/30
----------------------------------------
  train Loss: 0.0239 Acc: 0.9778
  val   Loss: 0.2799 Acc: 0.9425

Epoch 22/30
----------------------------------------
  train Loss: 0.0180 Acc: 0.9803
  val   Loss: 0.2883 Acc: 0.9483

Epoch 23/30
----------------------------------------
  train Loss: 0.0263 Acc: 0.9754
  val   Loss: 0.2884 Acc: 0.9425

Epoch 24/30
----------------------------------------
  train Loss: 0.0163 Acc: 0.9815
  val   Loss: 0.2862 Acc: 0.9425

Epoch 25/30
----------------------------------------
  train Loss: 0.0229 Acc: 0.9766
  val   Loss: 0.2869 Acc: 0.9425

Epoch 26/30
----------------------------------------
  train Loss: 0.0259 Acc: 0.9791
  val   Loss: 0.2936 Acc: 0.9483

Epoch 27/30
----------------------------------------
  train Loss: 0.0233 Acc: 0.9778
  val   Loss: 0.2894 Acc: 0.9483

Epoch 28/30
----------------------------------------
  train Loss: 0.0165 Acc: 0.9803
  val   Loss: 0.2829 Acc: 0.9425

Epoch 29/30
----------------------------------------
  train Loss: 0.0176 Acc: 0.9778
  val   Loss: 0.2867 Acc: 0.9425D:\S2 UMAYAH\TESIS\Pra Penelitian 2\venv\Lib\site-packages\torch\utils\data\dataloader.py:1102: UserWarning: 'pin_memory' argument is set as true but no accelerator is found, then device pinned memory won't be used.
  super().__init__(loader)
D:\S2 UMAYAH\TESIS\Pra Penelitian 2\venv\Lib\site-packages\torch\utils\data\dataloader.py:1102: UserWarning: 'pin_memory' argument is set as true but no accelerator is found, then device pinned memory won't be used.
  super().__init__(loader)


Epoch 30/30
----------------------------------------
  train Loss: 0.0258 Acc: 0.9803
  val   Loss: 0.2909 Acc: 0.9425

[SELESAI] GM 10% seed=2024 - Best Val Acc: 0.9483
[INFO] Checkpoint disimpan: D:\S2 UMAYAH\TESIS\Pra Penelitian 2\checkpoints\ablation_gmexp_10pct_30ep_seed2024.pth
[INFO] Inferensi: median=26.63 ms (rata-rata=26.78 +/- 0.81 ms, 300 runs, 30 warmup, 1 thread)

============================================================
HASIL EVALUASI
============================================================
  Akurasi      : 0.9483 (94.83%)
  Precision    : 0.9511
  Recall       : 0.9483
  F1-Score     : 0.9482
  Parameter    : 2,055,492
  Ukuran (MB)  : 7.96
  FLOPs        : 298.766 M
  Inferensi    : 26.63 ms (median, std=0.81, n=300)
============================================================

Classification Report:
                     precision    recall  f1-score   support

    Brown_Spot_Rice     0.8261    0.9500    0.8837        20
   Common_Rust_Corn     1.0000    0.9474    0.9730        19
Gray_Leaf_Spot_Corn     0.9524    1.0000    0.9756        20
       Healthy_Corn     1.0000    1.0000    1.0000        19
       Healthy_Rice     1.0000    1.0000    1.0000        19
  Healthy_Sugarcane     0.9000    0.9474    0.9231        19
    Leaf_Blast_Rice     0.9412    0.8000    0.8649        20
   Mosaic_Sugarcane     0.9474    0.9474    0.9474        19
     Rust_Sugarcane     1.0000    0.9474    0.9730        19

           accuracy                         0.9483       174
          macro avg     0.9519    0.9488    0.9490       174
       weighted avg     0.9511    0.9483    0.9482       174

[INFO] Inferensi: median=26.26 ms (rata-rata=26.43 +/- 1.11 ms, 300 runs, 30 warmup, 1 thread)

============================================================
HASIL EVALUASI
============================================================
  Akurasi      : 0.9429 (94.29%)
  Precision    : 0.9536
  Recall       : 0.9429
  F1-Score     : 0.9428
  Parameter    : 2,055,492
  Ukuran (MB)  : 7.96
  FLOPs        : 298.766 M
  Inferensi    : 26.26 ms (median, std=1.11, n=300)
============================================================

Classification Report:
                     precision    recall  f1-score   support

    Brown_Spot_Rice     0.7600    1.0000    0.8636        19
   Common_Rust_Corn     1.0000    1.0000    1.0000        19
Gray_Leaf_Spot_Corn     0.9500    1.0000    0.9744        19
       Healthy_Corn     1.0000    0.9500    0.9744        20
       Healthy_Rice     1.0000    0.9500    0.9744        20
  Healthy_Sugarcane     0.8696    1.0000    0.9302        20
    Leaf_Blast_Rice     1.0000    0.7368    0.8485        19
   Mosaic_Sugarcane     1.0000    0.8421    0.9143        19
     Rust_Sugarcane     1.0000    1.0000    1.0000        20

           accuracy                         0.9429       175
          macro avg     0.9533    0.9421    0.9422       175
       weighted avg     0.9536    0.9429    0.9428       175

[INFO] Hasil sementara disimpan: D:\S2 UMAYAH\TESIS\Pra Penelitian 2\outputs\multiseed_single_criteria_results.json

>>> Run 23/42 | gm 20% seed=123 | Waktu berjalan: 948.9 menit (15.82 jam)
[Pruning] Rasio: 20%
  Channel total  : 7104
  Channel dipangkas: 1414
  Channel tersisa  : 5690
[TRAIN] 812 gambar, 9 kelas, batch_size=32
[VAL] 174 gambar, 9 kelas, batch_size=32
[TEST] 175 gambar, 9 kelas, batch_size=32

============================================================
GM 20% seed=123 (mask identik di ketiga seed)
============================================================
[INFO] Training GM 20% seed=123 pada cpu, 30 epoch, lr=0.0001

Epoch 1/30
----------------------------------------
  train Loss: 0.1018 Acc: 0.9458
  val   Loss: 0.3105 Acc: 0.9310
  >> Model terbaik diperbarui! Val Acc: 0.9310

Epoch 2/30
----------------------------------------
  train Loss: 0.0836 Acc: 0.9569
  val   Loss: 0.2627 Acc: 0.9483
  >> Model terbaik diperbarui! Val Acc: 0.9483

Epoch 3/30
----------------------------------------
  train Loss: 0.0773 Acc: 0.9544
  val   Loss: 0.2719 Acc: 0.9368

Epoch 4/30
----------------------------------------
  train Loss: 0.0511 Acc: 0.9655
  val   Loss: 0.3164 Acc: 0.9195

Epoch 5/30
----------------------------------------
  train Loss: 0.0580 Acc: 0.9631
  val   Loss: 0.3198 Acc: 0.9253

Epoch 6/30
----------------------------------------
  train Loss: 0.0501 Acc: 0.9717
  val   Loss: 0.3180 Acc: 0.9023

Epoch 7/30
----------------------------------------
  train Loss: 0.0417 Acc: 0.9692
  val   Loss: 0.3052 Acc: 0.9195

Epoch 8/30
----------------------------------------
  train Loss: 0.0407 Acc: 0.9729
  val   Loss: 0.3353 Acc: 0.9195

Epoch 9/30
----------------------------------------
  train Loss: 0.0636 Acc: 0.9643
  val   Loss: 0.3259 Acc: 0.9253

Epoch 10/30
----------------------------------------
  train Loss: 0.0398 Acc: 0.9717
  val   Loss: 0.3334 Acc: 0.9310

Epoch 11/30
----------------------------------------
  train Loss: 0.0446 Acc: 0.9741
  val   Loss: 0.3284 Acc: 0.9310

Epoch 12/30
----------------------------------------
  train Loss: 0.0314 Acc: 0.9741
  val   Loss: 0.3403 Acc: 0.9310

Epoch 13/30
----------------------------------------
  train Loss: 0.0282 Acc: 0.9766
  val   Loss: 0.3166 Acc: 0.9310

Epoch 14/30
----------------------------------------
  train Loss: 0.0351 Acc: 0.9717
  val   Loss: 0.3179 Acc: 0.9310

Epoch 15/30
----------------------------------------
  train Loss: 0.0341 Acc: 0.9754
  val   Loss: 0.3264 Acc: 0.9368

Epoch 16/30
----------------------------------------
  train Loss: 0.0471 Acc: 0.9692
  val   Loss: 0.3191 Acc: 0.9310

Epoch 17/30
----------------------------------------
  train Loss: 0.0201 Acc: 0.9803
  val   Loss: 0.3260 Acc: 0.9310

Epoch 18/30
----------------------------------------
  train Loss: 0.0230 Acc: 0.9791
  val   Loss: 0.3199 Acc: 0.9368

Epoch 19/30
----------------------------------------
  train Loss: 0.0294 Acc: 0.9766
  val   Loss: 0.3254 Acc: 0.9253

Epoch 20/30
----------------------------------------
  train Loss: 0.0345 Acc: 0.9729
  val   Loss: 0.3415 Acc: 0.9310

Epoch 21/30
----------------------------------------
  train Loss: 0.0239 Acc: 0.9815
  val   Loss: 0.3393 Acc: 0.9253

Epoch 22/30
----------------------------------------
  train Loss: 0.0366 Acc: 0.9717
  val   Loss: 0.3266 Acc: 0.9310

Epoch 23/30
----------------------------------------
  train Loss: 0.0320 Acc: 0.9791
  val   Loss: 0.3339 Acc: 0.9310

Epoch 24/30
----------------------------------------
  train Loss: 0.0387 Acc: 0.9729
  val   Loss: 0.3289 Acc: 0.9253

Epoch 25/30
----------------------------------------
  train Loss: 0.0355 Acc: 0.9754
  val   Loss: 0.3240 Acc: 0.9253

Epoch 26/30
----------------------------------------
  train Loss: 0.0292 Acc: 0.9791
  val   Loss: 0.3314 Acc: 0.9253

Epoch 27/30
----------------------------------------
  train Loss: 0.0185 Acc: 0.9815
  val   Loss: 0.3144 Acc: 0.9310

Epoch 28/30
----------------------------------------
  train Loss: 0.0201 Acc: 0.9815
  val   Loss: 0.3250 Acc: 0.9253

Epoch 29/30
----------------------------------------
  train Loss: 0.0262 Acc: 0.9791
  val   Loss: 0.3117 Acc: 0.9310

Epoch 30/30
----------------------------------------
  train Loss: 0.0236 Acc: 0.9778
  val   Loss: 0.3355 Acc: 0.9253

[SELESAI] GM 20% seed=123 - Best Val Acc: 0.9483
[INFO] Checkpoint disimpan: D:\S2 UMAYAH\TESIS\Pra Penelitian 2\checkpoints\ablation_gmexp_20pct_30ep_seed123.pth
[INFO] Inferensi: median=24.94 ms (rata-rata=27.74 +/- 5.67 ms, 300 runs, 30 warmup, 1 thread)

============================================================
HASIL EVALUASI
============================================================
  Akurasi      : 0.9483 (94.83%)
  Precision    : 0.9508
  Recall       : 0.9483
  F1-Score     : 0.9481
  Parameter    : 1,874,851
  Ukuran (MB)  : 7.26
  FLOPs        : 270.837 M
  Inferensi    : 24.94 ms (median, std=5.67, n=300)D:\S2 UMAYAH\TESIS\Pra Penelitian 2\venv\Lib\site-packages\torch\utils\data\dataloader.py:1102: UserWarning: 'pin_memory' argument is set as true but no accelerator is found, then device pinned memory won't be used.
  super().__init__(loader)
D:\S2 UMAYAH\TESIS\Pra Penelitian 2\venv\Lib\site-packages\torch\utils\data\dataloader.py:1102: UserWarning: 'pin_memory' argument is set as true but no accelerator is found, then device pinned memory won't be used.
  super().__init__(loader)

============================================================

Classification Report:
                     precision    recall  f1-score   support

    Brown_Spot_Rice     0.8261    0.9500    0.8837        20
   Common_Rust_Corn     1.0000    0.9474    0.9730        19
Gray_Leaf_Spot_Corn     1.0000    1.0000    1.0000        20
       Healthy_Corn     1.0000    1.0000    1.0000        19
       Healthy_Rice     1.0000    1.0000    1.0000        19
  Healthy_Sugarcane     0.9000    0.9474    0.9231        19
    Leaf_Blast_Rice     0.9412    0.8000    0.8649        20
   Mosaic_Sugarcane     0.9444    0.8947    0.9189        19
     Rust_Sugarcane     0.9500    1.0000    0.9744        19

           accuracy                         0.9483       174
          macro avg     0.9513    0.9488    0.9487       174
       weighted avg     0.9508    0.9483    0.9481       174

[INFO] Inferensi: median=24.60 ms (rata-rata=25.05 +/- 2.20 ms, 300 runs, 30 warmup, 1 thread)

============================================================
HASIL EVALUASI
============================================================
  Akurasi      : 0.9314 (93.14%)
  Precision    : 0.9389
  Recall       : 0.9314
  F1-Score     : 0.9307
  Parameter    : 1,874,851
  Ukuran (MB)  : 7.26
  FLOPs        : 270.837 M
  Inferensi    : 24.60 ms (median, std=2.20, n=300)
============================================================

Classification Report:
                     precision    recall  f1-score   support

    Brown_Spot_Rice     0.8182    0.9474    0.8780        19
   Common_Rust_Corn     0.9500    1.0000    0.9744        19
Gray_Leaf_Spot_Corn     0.9500    1.0000    0.9744        19
       Healthy_Corn     1.0000    0.9500    0.9744        20
       Healthy_Rice     0.9500    0.9500    0.9500        20
  Healthy_Sugarcane     0.8333    1.0000    0.9091        20
    Leaf_Blast_Rice     1.0000    0.8421    0.9143        19
   Mosaic_Sugarcane     1.0000    0.7368    0.8485        19
     Rust_Sugarcane     0.9500    0.9500    0.9500        20

           accuracy                         0.9314       175
          macro avg     0.9391    0.9307    0.9303       175
       weighted avg     0.9389    0.9314    0.9307       175

[INFO] Hasil sementara disimpan: D:\S2 UMAYAH\TESIS\Pra Penelitian 2\outputs\multiseed_single_criteria_results.json

>>> Run 24/42 | gm 20% seed=2024 | Waktu berjalan: 999.1 menit (16.65 jam)
[TRAIN] 812 gambar, 9 kelas, batch_size=32
[VAL] 174 gambar, 9 kelas, batch_size=32
[TEST] 175 gambar, 9 kelas, batch_size=32

============================================================
GM 20% seed=2024 (mask identik di ketiga seed)
============================================================
[INFO] Training GM 20% seed=2024 pada cpu, 30 epoch, lr=0.0001

Epoch 1/30
----------------------------------------
  train Loss: 0.1127 Acc: 0.9520
  val   Loss: 0.2707 Acc: 0.9253
  >> Model terbaik diperbarui! Val Acc: 0.9253

Epoch 2/30
----------------------------------------
  train Loss: 0.0545 Acc: 0.9704
  val   Loss: 0.2753 Acc: 0.9310
  >> Model terbaik diperbarui! Val Acc: 0.9310

Epoch 3/30
----------------------------------------
  train Loss: 0.0552 Acc: 0.9692
  val   Loss: 0.2753 Acc: 0.9253

Epoch 4/30
----------------------------------------
  train Loss: 0.0741 Acc: 0.9631
  val   Loss: 0.2715 Acc: 0.9310

Epoch 5/30
----------------------------------------
  train Loss: 0.0674 Acc: 0.9569
  val   Loss: 0.2998 Acc: 0.9368
  >> Model terbaik diperbarui! Val Acc: 0.9368

Epoch 6/30
----------------------------------------
  train Loss: 0.0551 Acc: 0.9680
  val   Loss: 0.3078 Acc: 0.9253

Epoch 7/30
----------------------------------------
  train Loss: 0.0508 Acc: 0.9704
  val   Loss: 0.2839 Acc: 0.9138

Epoch 8/30
----------------------------------------
  train Loss: 0.0617 Acc: 0.9618
  val   Loss: 0.2508 Acc: 0.9253

Epoch 9/30
----------------------------------------
  train Loss: 0.0529 Acc: 0.9680
  val   Loss: 0.3057 Acc: 0.9425
  >> Model terbaik diperbarui! Val Acc: 0.9425

Epoch 10/30
----------------------------------------
  train Loss: 0.0383 Acc: 0.9754
  val   Loss: 0.2952 Acc: 0.9310

Epoch 11/30
----------------------------------------
  train Loss: 0.0443 Acc: 0.9717
  val   Loss: 0.2789 Acc: 0.9425

Epoch 12/30
----------------------------------------
  train Loss: 0.0358 Acc: 0.9741
  val   Loss: 0.2846 Acc: 0.9368

Epoch 13/30
----------------------------------------
  train Loss: 0.0332 Acc: 0.9778
  val   Loss: 0.2967 Acc: 0.9368

Epoch 14/30
----------------------------------------
  train Loss: 0.0381 Acc: 0.9754
  val   Loss: 0.3077 Acc: 0.9368

Epoch 15/30
----------------------------------------
  train Loss: 0.0302 Acc: 0.9766
  val   Loss: 0.2852 Acc: 0.9368

Epoch 16/30
----------------------------------------
  train Loss: 0.0242 Acc: 0.9815
  val   Loss: 0.2805 Acc: 0.9368

Epoch 17/30
----------------------------------------
  train Loss: 0.0326 Acc: 0.9754
  val   Loss: 0.2793 Acc: 0.9368

Epoch 18/30
----------------------------------------
  train Loss: 0.0356 Acc: 0.9717
  val   Loss: 0.2778 Acc: 0.9368

Epoch 19/30
----------------------------------------
  train Loss: 0.0254 Acc: 0.9803
  val   Loss: 0.2833 Acc: 0.9483
  >> Model terbaik diperbarui! Val Acc: 0.9483

Epoch 20/30
----------------------------------------
  train Loss: 0.0337 Acc: 0.9766
  val   Loss: 0.2839 Acc: 0.9483

Epoch 21/30
----------------------------------------
  train Loss: 0.0254 Acc: 0.9778
  val   Loss: 0.2966 Acc: 0.9425

Epoch 22/30
----------------------------------------
  train Loss: 0.0317 Acc: 0.9766
  val   Loss: 0.3015 Acc: 0.9425

Epoch 23/30
----------------------------------------
  train Loss: 0.0316 Acc: 0.9766
  val   Loss: 0.2834 Acc: 0.9425

Epoch 24/30
----------------------------------------
  train Loss: 0.0318 Acc: 0.9741
  val   Loss: 0.2824 Acc: 0.9425

Epoch 25/30
----------------------------------------
  train Loss: 0.0317 Acc: 0.9754
  val   Loss: 0.2913 Acc: 0.9483

Epoch 26/30
----------------------------------------
  train Loss: 0.0259 Acc: 0.9791
  val   Loss: 0.2969 Acc: 0.9425

Epoch 27/30
----------------------------------------
  train Loss: 0.0314 Acc: 0.9741
  val   Loss: 0.2924 Acc: 0.9425

Epoch 28/30
----------------------------------------
  train Loss: 0.0259 Acc: 0.9778
  val   Loss: 0.2904 Acc: 0.9425

Epoch 29/30
----------------------------------------
  train Loss: 0.0354 Acc: 0.9766
  val   Loss: 0.2766 Acc: 0.9483

Epoch 30/30
----------------------------------------
  train Loss: 0.0218 Acc: 0.9803
  val   Loss: 0.2746 Acc: 0.9483

[SELESAI] GM 20% seed=2024 - Best Val Acc: 0.9483
[INFO] Checkpoint disimpan: D:\S2 UMAYAH\TESIS\Pra Penelitian 2\checkpoints\ablation_gmexp_20pct_30ep_seed2024.pth
[INFO] Inferensi: median=24.28 ms (rata-rata=24.52 +/- 1.01 ms, 300 runs, 30 warmup, 1 thread)

============================================================
HASIL EVALUASI
============================================================
  Akurasi      : 0.9483 (94.83%)
  Precision    : 0.9497
  Recall       : 0.9483
  F1-Score     : 0.9477
  Parameter    : 1,874,851
  Ukuran (MB)  : 7.26
  FLOPs        : 270.837 M
  Inferensi    : 24.28 ms (median, std=1.01, n=300)
============================================================

Classification Report:
                     precision    recall  f1-score   support

    Brown_Spot_Rice     0.8636    0.9500    0.9048        20
   Common_Rust_Corn     0.9500    1.0000    0.9744        19
Gray_Leaf_Spot_Corn     1.0000    0.9500    0.9744        20
       Healthy_Corn     1.0000    1.0000    1.0000        19
       Healthy_Rice     0.9500    1.0000    0.9744        19
  Healthy_Sugarcane     0.9444    0.8947    0.9189        19
    Leaf_Blast_Rice     0.9412    0.8000    0.8649        20
   Mosaic_Sugarcane     0.9000    0.9474    0.9231        19
     Rust_Sugarcane     1.0000    1.0000    1.0000        19

           accuracy                         0.9483       174
          macro avg     0.9499    0.9491    0.9483       174
       weighted avg     0.9497    0.9483    0.9477       174
D:\S2 UMAYAH\TESIS\Pra Penelitian 2\venv\Lib\site-packages\torch\utils\data\dataloader.py:1102: UserWarning: 'pin_memory' argument is set as true but no accelerator is found, then device pinned memory won't be used.
  super().__init__(loader)
D:\S2 UMAYAH\TESIS\Pra Penelitian 2\venv\Lib\site-packages\torch\utils\data\dataloader.py:1102: UserWarning: 'pin_memory' argument is set as true but no accelerator is found, then device pinned memory won't be used.
  super().__init__(loader)
D:\S2 UMAYAH\TESIS\Pra Penelitian 2\venv\Lib\site-packages\torch\utils\data\dataloader.py:1102: UserWarning: 'pin_memory' argument is set as true but no accelerator is found, then device pinned memory won't be used.
  super().__init__(loader)

[INFO] Inferensi: median=24.35 ms (rata-rata=24.47 +/- 0.55 ms, 300 runs, 30 warmup, 1 thread)

============================================================
HASIL EVALUASI
============================================================
  Akurasi      : 0.9486 (94.86%)
  Precision    : 0.9513
  Recall       : 0.9486
  F1-Score     : 0.9486
  Parameter    : 1,874,851
  Ukuran (MB)  : 7.26
  FLOPs        : 270.837 M
  Inferensi    : 24.35 ms (median, std=0.55, n=300)
============================================================

Classification Report:
                     precision    recall  f1-score   support

    Brown_Spot_Rice     0.8571    0.9474    0.9000        19
   Common_Rust_Corn     0.9500    1.0000    0.9744        19
Gray_Leaf_Spot_Corn     0.9474    0.9474    0.9474        19
       Healthy_Corn     1.0000    0.9500    0.9744        20
       Healthy_Rice     0.9048    0.9500    0.9268        20
  Healthy_Sugarcane     0.9524    1.0000    0.9756        20
    Leaf_Blast_Rice     1.0000    0.8421    0.9143        19
   Mosaic_Sugarcane     0.9474    0.9474    0.9474        19
     Rust_Sugarcane     1.0000    0.9500    0.9744        20

           accuracy                         0.9486       175
          macro avg     0.9510    0.9482    0.9483       175
       weighted avg     0.9513    0.9486    0.9486       175

[INFO] Hasil sementara disimpan: D:\S2 UMAYAH\TESIS\Pra Penelitian 2\outputs\multiseed_single_criteria_results.json

>>> Run 25/42 | gm 30% seed=123 | Waktu berjalan: 1049.2 menit (17.49 jam)
[Pruning] Rasio: 30%
  Channel total  : 7104
  Channel dipangkas: 2125
  Channel tersisa  : 4979
[TRAIN] 812 gambar, 9 kelas, batch_size=32
[VAL] 174 gambar, 9 kelas, batch_size=32
[TEST] 175 gambar, 9 kelas, batch_size=32

============================================================
GM 30% seed=123 (mask identik di ketiga seed)
============================================================
[INFO] Training GM 30% seed=123 pada cpu, 30 epoch, lr=0.0001

Epoch 1/30
----------------------------------------
  train Loss: 0.1583 Acc: 0.9323
  val   Loss: 0.3348 Acc: 0.8793
  >> Model terbaik diperbarui! Val Acc: 0.8793

Epoch 2/30
----------------------------------------
  train Loss: 0.0955 Acc: 0.9532
  val   Loss: 0.3074 Acc: 0.8966
  >> Model terbaik diperbarui! Val Acc: 0.8966

Epoch 3/30
----------------------------------------
  train Loss: 0.0873 Acc: 0.9569
  val   Loss: 0.3102 Acc: 0.8966

Epoch 4/30
----------------------------------------
  train Loss: 0.0886 Acc: 0.9618
  val   Loss: 0.3077 Acc: 0.9023
  >> Model terbaik diperbarui! Val Acc: 0.9023

Epoch 5/30
----------------------------------------
  train Loss: 0.0790 Acc: 0.9532
  val   Loss: 0.3221 Acc: 0.9080
  >> Model terbaik diperbarui! Val Acc: 0.9080

Epoch 6/30
----------------------------------------
  train Loss: 0.0765 Acc: 0.9581
  val   Loss: 0.3105 Acc: 0.9080

Epoch 7/30
----------------------------------------
  train Loss: 0.0829 Acc: 0.9618
  val   Loss: 0.2891 Acc: 0.9138
  >> Model terbaik diperbarui! Val Acc: 0.9138

Epoch 8/30
----------------------------------------
  train Loss: 0.0671 Acc: 0.9618
  val   Loss: 0.3024 Acc: 0.9253
  >> Model terbaik diperbarui! Val Acc: 0.9253

Epoch 9/30
----------------------------------------
  train Loss: 0.0591 Acc: 0.9704
  val   Loss: 0.2816 Acc: 0.9138

Epoch 10/30
----------------------------------------
  train Loss: 0.0578 Acc: 0.9692
  val   Loss: 0.2876 Acc: 0.9138

Epoch 11/30
----------------------------------------
  train Loss: 0.0453 Acc: 0.9729
  val   Loss: 0.2843 Acc: 0.9138

Epoch 12/30
----------------------------------------
  train Loss: 0.0458 Acc: 0.9680
  val   Loss: 0.2982 Acc: 0.9195

Epoch 13/30
----------------------------------------
  train Loss: 0.0575 Acc: 0.9692
  val   Loss: 0.3035 Acc: 0.9138

Epoch 14/30
----------------------------------------
  train Loss: 0.0387 Acc: 0.9717
  val   Loss: 0.2910 Acc: 0.9138

Epoch 15/30
----------------------------------------
  train Loss: 0.0396 Acc: 0.9729
  val   Loss: 0.2790 Acc: 0.9195

Epoch 16/30
----------------------------------------
  train Loss: 0.0668 Acc: 0.9667
  val   Loss: 0.2971 Acc: 0.9138

Epoch 17/30
----------------------------------------
  train Loss: 0.0370 Acc: 0.9741
  val   Loss: 0.2945 Acc: 0.9310
  >> Model terbaik diperbarui! Val Acc: 0.9310

Epoch 18/30
----------------------------------------
  train Loss: 0.0434 Acc: 0.9741
  val   Loss: 0.2924 Acc: 0.9080

Epoch 19/30
----------------------------------------
  train Loss: 0.0333 Acc: 0.9729
  val   Loss: 0.2858 Acc: 0.9195

Epoch 20/30
----------------------------------------
  train Loss: 0.0526 Acc: 0.9667
  val   Loss: 0.2942 Acc: 0.9138

Epoch 21/30
----------------------------------------
  train Loss: 0.0538 Acc: 0.9667
  val   Loss: 0.3003 Acc: 0.9195

Epoch 22/30
----------------------------------------
  train Loss: 0.0324 Acc: 0.9754
  val   Loss: 0.2940 Acc: 0.9138

Epoch 23/30
----------------------------------------
  train Loss: 0.0459 Acc: 0.9778
  val   Loss: 0.3025 Acc: 0.9253

Epoch 24/30
----------------------------------------
  train Loss: 0.0284 Acc: 0.9778
  val   Loss: 0.2890 Acc: 0.9138

Epoch 25/30
----------------------------------------
  train Loss: 0.0286 Acc: 0.9766
  val   Loss: 0.2939 Acc: 0.9195

Epoch 26/30
----------------------------------------
  train Loss: 0.0357 Acc: 0.9717
  val   Loss: 0.2958 Acc: 0.9253

Epoch 27/30
----------------------------------------
  train Loss: 0.0317 Acc: 0.9741
  val   Loss: 0.3014 Acc: 0.9253

Epoch 28/30
----------------------------------------
  train Loss: 0.0300 Acc: 0.9791
  val   Loss: 0.2988 Acc: 0.9195

Epoch 29/30
----------------------------------------
  train Loss: 0.0438 Acc: 0.9717
  val   Loss: 0.2920 Acc: 0.9195

Epoch 30/30
----------------------------------------
  train Loss: 0.0289 Acc: 0.9754
  val   Loss: 0.3096 Acc: 0.9080

[SELESAI] GM 30% seed=123 - Best Val Acc: 0.9310
[INFO] Checkpoint disimpan: D:\S2 UMAYAH\TESIS\Pra Penelitian 2\checkpoints\ablation_gmexp_30pct_30ep_seed123.pth
[INFO] Inferensi: median=24.41 ms (rata-rata=25.03 +/- 2.64 ms, 300 runs, 30 warmup, 1 thread)

============================================================
HASIL EVALUASI
============================================================
  Akurasi      : 0.9310 (93.10%)
  Precision    : 0.9326
  Recall       : 0.9310
  F1-Score     : 0.9308
  Parameter    : 1,694,216
  Ukuran (MB)  : 6.56
  FLOPs        : 242.938 M
  Inferensi    : 24.41 ms (median, std=2.64, n=300)
============================================================

Classification Report:
                     precision    recall  f1-score   support

    Brown_Spot_Rice     0.8947    0.8500    0.8718        20
   Common_Rust_Corn     0.9500    1.0000    0.9744        19
Gray_Leaf_Spot_Corn     1.0000    0.9000    0.9474        20
       Healthy_Corn     0.9500    1.0000    0.9744        19
       Healthy_Rice     0.9500    1.0000    0.9744        19
  Healthy_Sugarcane     0.9444    0.8947    0.9189        19
    Leaf_Blast_Rice     0.8500    0.8500    0.8500        20
   Mosaic_Sugarcane     0.8571    0.9474    0.9000        19
     Rust_Sugarcane     1.0000    0.9474    0.9730        19

           accuracy                         0.9310       174
          macro avg     0.9329    0.9322    0.9316       174
       weighted avg     0.9326    0.9310    0.9308       174

[INFO] Inferensi: median=24.72 ms (rata-rata=25.55 +/- 2.71 ms, 300 runs, 30 warmup, 1 thread)

============================================================
HASIL EVALUASI
============================================================
  Akurasi      : 0.9600 (96.00%)
  Precision    : 0.9625
  Recall       : 0.9600
  F1-Score     : 0.9599
  Parameter    : 1,694,216
  Ukuran (MB)  : 6.56
  FLOPs        : 242.938 M
  Inferensi    : 24.72 ms (median, std=2.71, n=300)
============================================================D:\S2 UMAYAH\TESIS\Pra Penelitian 2\venv\Lib\site-packages\torch\utils\data\dataloader.py:1102: UserWarning: 'pin_memory' argument is set as true but no accelerator is found, then device pinned memory won't be used.
  super().__init__(loader)
D:\S2 UMAYAH\TESIS\Pra Penelitian 2\venv\Lib\site-packages\torch\utils\data\dataloader.py:1102: UserWarning: 'pin_memory' argument is set as true but no accelerator is found, then device pinned memory won't be used.
  super().__init__(loader)


Classification Report:
                     precision    recall  f1-score   support

    Brown_Spot_Rice     0.9000    0.9474    0.9231        19
   Common_Rust_Corn     0.9500    1.0000    0.9744        19
Gray_Leaf_Spot_Corn     0.9500    1.0000    0.9744        19
       Healthy_Corn     1.0000    0.9000    0.9474        20
       Healthy_Rice     0.9524    1.0000    0.9756        20
  Healthy_Sugarcane     0.9091    1.0000    0.9524        20
    Leaf_Blast_Rice     1.0000    0.8947    0.9444        19
   Mosaic_Sugarcane     1.0000    0.9474    0.9730        19
     Rust_Sugarcane     1.0000    0.9500    0.9744        20

           accuracy                         0.9600       175
          macro avg     0.9624    0.9599    0.9599       175
       weighted avg     0.9625    0.9600    0.9599       175

[INFO] Hasil sementara disimpan: D:\S2 UMAYAH\TESIS\Pra Penelitian 2\outputs\multiseed_single_criteria_results.json

>>> Run 26/42 | gm 30% seed=2024 | Waktu berjalan: 1099.6 menit (18.33 jam)
[TRAIN] 812 gambar, 9 kelas, batch_size=32
[VAL] 174 gambar, 9 kelas, batch_size=32
[TEST] 175 gambar, 9 kelas, batch_size=32

============================================================
GM 30% seed=2024 (mask identik di ketiga seed)
============================================================
[INFO] Training GM 30% seed=2024 pada cpu, 30 epoch, lr=0.0001

Epoch 1/30
----------------------------------------
  train Loss: 0.1731 Acc: 0.9212
  val   Loss: 0.3266 Acc: 0.8966
  >> Model terbaik diperbarui! Val Acc: 0.8966

Epoch 2/30
----------------------------------------
  train Loss: 0.1148 Acc: 0.9458
  val   Loss: 0.2813 Acc: 0.9138
  >> Model terbaik diperbarui! Val Acc: 0.9138

Epoch 3/30
----------------------------------------
  train Loss: 0.1110 Acc: 0.9495
  val   Loss: 0.3193 Acc: 0.9023

Epoch 4/30
----------------------------------------
  train Loss: 0.0995 Acc: 0.9470
  val   Loss: 0.2963 Acc: 0.9195
  >> Model terbaik diperbarui! Val Acc: 0.9195

Epoch 5/30
----------------------------------------
  train Loss: 0.0816 Acc: 0.9618
  val   Loss: 0.3643 Acc: 0.9138

Epoch 6/30
----------------------------------------
  train Loss: 0.0610 Acc: 0.9680
  val   Loss: 0.3141 Acc: 0.9195

Epoch 7/30
----------------------------------------
  train Loss: 0.0958 Acc: 0.9557
  val   Loss: 0.3035 Acc: 0.9253
  >> Model terbaik diperbarui! Val Acc: 0.9253

Epoch 8/30
----------------------------------------
  train Loss: 0.0622 Acc: 0.9618
  val   Loss: 0.3335 Acc: 0.9253

Epoch 9/30
----------------------------------------
  train Loss: 0.0354 Acc: 0.9766
  val   Loss: 0.3315 Acc: 0.9195

Epoch 10/30
----------------------------------------
  train Loss: 0.0481 Acc: 0.9704
  val   Loss: 0.3435 Acc: 0.9195

Epoch 11/30
----------------------------------------
  train Loss: 0.0501 Acc: 0.9729
  val   Loss: 0.3429 Acc: 0.9253

Epoch 12/30
----------------------------------------
  train Loss: 0.0513 Acc: 0.9717
  val   Loss: 0.3353 Acc: 0.9310
  >> Model terbaik diperbarui! Val Acc: 0.9310

Epoch 13/30
----------------------------------------
  train Loss: 0.0365 Acc: 0.9754
  val   Loss: 0.3324 Acc: 0.9310

Epoch 14/30
----------------------------------------
  train Loss: 0.0444 Acc: 0.9717
  val   Loss: 0.3220 Acc: 0.9310

Epoch 15/30
----------------------------------------
  train Loss: 0.0480 Acc: 0.9680
  val   Loss: 0.3463 Acc: 0.9310

Epoch 16/30
----------------------------------------
  train Loss: 0.0513 Acc: 0.9680
  val   Loss: 0.3285 Acc: 0.9310

Epoch 17/30
----------------------------------------
  train Loss: 0.0324 Acc: 0.9754
  val   Loss: 0.3319 Acc: 0.9253

Epoch 18/30
----------------------------------------
  train Loss: 0.0529 Acc: 0.9680
  val   Loss: 0.3262 Acc: 0.9310

Epoch 19/30
----------------------------------------
  train Loss: 0.0465 Acc: 0.9717
  val   Loss: 0.3132 Acc: 0.9310

Epoch 20/30
----------------------------------------
  train Loss: 0.0424 Acc: 0.9729
  val   Loss: 0.3287 Acc: 0.9310

Epoch 21/30
----------------------------------------
  train Loss: 0.0406 Acc: 0.9729
  val   Loss: 0.3208 Acc: 0.9310

Epoch 22/30
----------------------------------------
  train Loss: 0.0338 Acc: 0.9741
  val   Loss: 0.3309 Acc: 0.9253

Epoch 23/30
----------------------------------------
  train Loss: 0.0334 Acc: 0.9778
  val   Loss: 0.3346 Acc: 0.9310

Epoch 24/30
----------------------------------------
  train Loss: 0.0309 Acc: 0.9766
  val   Loss: 0.3227 Acc: 0.9310

Epoch 25/30
----------------------------------------
  train Loss: 0.0461 Acc: 0.9704
  val   Loss: 0.3257 Acc: 0.9310

Epoch 26/30
----------------------------------------
  train Loss: 0.0401 Acc: 0.9754
  val   Loss: 0.3268 Acc: 0.9310

Epoch 27/30
----------------------------------------
  train Loss: 0.0454 Acc: 0.9729
  val   Loss: 0.3336 Acc: 0.9310

Epoch 28/30
----------------------------------------
  train Loss: 0.0412 Acc: 0.9717
  val   Loss: 0.3340 Acc: 0.9310

Epoch 29/30
----------------------------------------
  train Loss: 0.0375 Acc: 0.9791
  val   Loss: 0.3290 Acc: 0.9253

Epoch 30/30
----------------------------------------
  train Loss: 0.0462 Acc: 0.9680
  val   Loss: 0.3154 Acc: 0.9253

[SELESAI] GM 30% seed=2024 - Best Val Acc: 0.9310
[INFO] Checkpoint disimpan: D:\S2 UMAYAH\TESIS\Pra Penelitian 2\checkpoints\ablation_gmexp_30pct_30ep_seed2024.pth
[INFO] Inferensi: median=22.36 ms (rata-rata=22.53 +/- 0.84 ms, 300 runs, 30 warmup, 1 thread)

============================================================
HASIL EVALUASI
============================================================
  Akurasi      : 0.9310 (93.10%)
  Precision    : 0.9328
  Recall       : 0.9310
  F1-Score     : 0.9308
  Parameter    : 1,694,216
  Ukuran (MB)  : 6.56
  FLOPs        : 242.938 M
  Inferensi    : 22.36 ms (median, std=0.84, n=300)
============================================================

Classification Report:
                     precision    recall  f1-score   support

    Brown_Spot_Rice     0.8571    0.9000    0.8780        20
   Common_Rust_Corn     0.9500    1.0000    0.9744        19
Gray_Leaf_Spot_Corn     1.0000    0.9500    0.9744        20
       Healthy_Corn     1.0000    1.0000    1.0000        19
       Healthy_Rice     0.9500    1.0000    0.9744        19
  Healthy_Sugarcane     0.8947    0.8947    0.8947        19
    Leaf_Blast_Rice     0.8889    0.8000    0.8421        20
   Mosaic_Sugarcane     0.8571    0.9474    0.9000        19
     Rust_Sugarcane     1.0000    0.8947    0.9444        19

           accuracy                         0.9310       174
          macro avg     0.9331    0.9319    0.9314       174
       weighted avg     0.9328    0.9310    0.9308       174

[INFO] Inferensi: median=22.31 ms (rata-rata=22.97 +/- 2.21 ms, 300 runs, 30 warmup, 1 thread)

============================================================
HASIL EVALUASI
============================================================
  Akurasi      : 0.9543 (95.43%)
  Precision    : 0.9584
  Recall       : 0.9543
  F1-Score     : 0.9541
  Parameter    : 1,694,216
  Ukuran (MB)  : 6.56
  FLOPs        : 242.938 M
  Inferensi    : 22.31 ms (median, std=2.21, n=300)
============================================================

Classification Report:
                     precision    recall  f1-score   support

    Brown_Spot_Rice     0.8500    0.8947    0.8718        19
   Common_Rust_Corn     1.0000    1.0000    1.0000        19
Gray_Leaf_Spot_Corn     1.0000    1.0000    1.0000        19
       Healthy_Corn     1.0000    1.0000    1.0000        20
       Healthy_Rice     0.9091    1.0000    0.9524        20
  Healthy_Sugarcane     0.8696    1.0000    0.9302        20
    Leaf_Blast_Rice     1.0000    0.8421    0.9143        19
   Mosaic_Sugarcane     1.0000    0.8421    0.9143        19
     Rust_Sugarcane     1.0000    1.0000    1.0000        20

           accuracy                         0.9543       175
          macro avg     0.9587    0.9532    0.9537       175
       weighted avg     0.9584    0.9543    0.9541       175
D:\S2 UMAYAH\TESIS\Pra Penelitian 2\venv\Lib\site-packages\torch\utils\data\dataloader.py:1102: UserWarning: 'pin_memory' argument is set as true but no accelerator is found, then device pinned memory won't be used.
  super().__init__(loader)
D:\S2 UMAYAH\TESIS\Pra Penelitian 2\venv\Lib\site-packages\torch\utils\data\dataloader.py:1102: UserWarning: 'pin_memory' argument is set as true but no accelerator is found, then device pinned memory won't be used.
  super().__init__(loader)
D:\S2 UMAYAH\TESIS\Pra Penelitian 2\venv\Lib\site-packages\torch\utils\data\dataloader.py:1102: UserWarning: 'pin_memory' argument is set as true but no accelerator is found, then device pinned memory won't be used.
  super().__init__(loader)

[INFO] Hasil sementara disimpan: D:\S2 UMAYAH\TESIS\Pra Penelitian 2\outputs\multiseed_single_criteria_results.json

>>> Run 27/42 | gm 40% seed=123 | Waktu berjalan: 1149.7 menit (19.16 jam)
[Pruning] Rasio: 40%
  Channel total  : 7104
  Channel dipangkas: 2834
  Channel tersisa  : 4270
[TRAIN] 812 gambar, 9 kelas, batch_size=32
[VAL] 174 gambar, 9 kelas, batch_size=32
[TEST] 175 gambar, 9 kelas, batch_size=32

============================================================
GM 40% seed=123 (mask identik di ketiga seed)
============================================================
[INFO] Training GM 40% seed=123 pada cpu, 30 epoch, lr=0.0001

Epoch 1/30
----------------------------------------
  train Loss: 0.2523 Acc: 0.8953
  val   Loss: 0.3749 Acc: 0.8678
  >> Model terbaik diperbarui! Val Acc: 0.8678

Epoch 2/30
----------------------------------------
  train Loss: 0.1677 Acc: 0.9187
  val   Loss: 0.3442 Acc: 0.8621

Epoch 3/30
----------------------------------------
  train Loss: 0.1148 Acc: 0.9433
  val   Loss: 0.3835 Acc: 0.8736
  >> Model terbaik diperbarui! Val Acc: 0.8736

Epoch 4/30
----------------------------------------
  train Loss: 0.1070 Acc: 0.9507
  val   Loss: 0.3374 Acc: 0.8966
  >> Model terbaik diperbarui! Val Acc: 0.8966

Epoch 5/30
----------------------------------------
  train Loss: 0.1165 Acc: 0.9483
  val   Loss: 0.2918 Acc: 0.9080
  >> Model terbaik diperbarui! Val Acc: 0.9080

Epoch 6/30
----------------------------------------
  train Loss: 0.0880 Acc: 0.9581
  val   Loss: 0.3380 Acc: 0.8851

Epoch 7/30
----------------------------------------
  train Loss: 0.0873 Acc: 0.9569
  val   Loss: 0.2951 Acc: 0.8966

Epoch 8/30
----------------------------------------
  train Loss: 0.0946 Acc: 0.9470
  val   Loss: 0.2945 Acc: 0.8966

Epoch 9/30
----------------------------------------
  train Loss: 0.0558 Acc: 0.9680
  val   Loss: 0.2787 Acc: 0.9195
  >> Model terbaik diperbarui! Val Acc: 0.9195

Epoch 10/30
----------------------------------------
  train Loss: 0.0660 Acc: 0.9655
  val   Loss: 0.3057 Acc: 0.9080

Epoch 11/30
----------------------------------------
  train Loss: 0.0749 Acc: 0.9643
  val   Loss: 0.3036 Acc: 0.9023

Epoch 12/30
----------------------------------------
  train Loss: 0.0587 Acc: 0.9704
  val   Loss: 0.3026 Acc: 0.9080

Epoch 13/30
----------------------------------------
  train Loss: 0.0670 Acc: 0.9581
  val   Loss: 0.2939 Acc: 0.9080

Epoch 14/30
----------------------------------------
  train Loss: 0.0734 Acc: 0.9594
  val   Loss: 0.2980 Acc: 0.9138

Epoch 15/30
----------------------------------------
  train Loss: 0.0549 Acc: 0.9680
  val   Loss: 0.3002 Acc: 0.9138

Epoch 16/30
----------------------------------------
  train Loss: 0.0694 Acc: 0.9618
  val   Loss: 0.2931 Acc: 0.9195

Epoch 17/30
----------------------------------------
  train Loss: 0.0535 Acc: 0.9704
  val   Loss: 0.3001 Acc: 0.9138

Epoch 18/30
----------------------------------------
  train Loss: 0.0500 Acc: 0.9680
  val   Loss: 0.3028 Acc: 0.9138

Epoch 19/30
----------------------------------------
  train Loss: 0.0574 Acc: 0.9704
  val   Loss: 0.2952 Acc: 0.9138

Epoch 20/30
----------------------------------------
  train Loss: 0.0460 Acc: 0.9680
  val   Loss: 0.2949 Acc: 0.9138

Epoch 21/30
----------------------------------------
  train Loss: 0.0448 Acc: 0.9704
  val   Loss: 0.2858 Acc: 0.9195

Epoch 22/30
----------------------------------------
  train Loss: 0.0366 Acc: 0.9729
  val   Loss: 0.2919 Acc: 0.9195

Epoch 23/30
----------------------------------------
  train Loss: 0.0547 Acc: 0.9692
  val   Loss: 0.2925 Acc: 0.9195

Epoch 24/30
----------------------------------------
  train Loss: 0.0464 Acc: 0.9667
  val   Loss: 0.2884 Acc: 0.9195

Epoch 25/30
----------------------------------------
  train Loss: 0.0619 Acc: 0.9680
  val   Loss: 0.2892 Acc: 0.9195

Epoch 26/30
----------------------------------------
  train Loss: 0.0467 Acc: 0.9729
  val   Loss: 0.3031 Acc: 0.9195

Epoch 27/30
----------------------------------------
  train Loss: 0.0689 Acc: 0.9618
  val   Loss: 0.2956 Acc: 0.9138

Epoch 28/30
----------------------------------------
  train Loss: 0.0550 Acc: 0.9692
  val   Loss: 0.3042 Acc: 0.9138

Epoch 29/30
----------------------------------------
  train Loss: 0.0560 Acc: 0.9692
  val   Loss: 0.2998 Acc: 0.9138

Epoch 30/30
----------------------------------------
  train Loss: 0.0530 Acc: 0.9704
  val   Loss: 0.2863 Acc: 0.9195

[SELESAI] GM 40% seed=123 - Best Val Acc: 0.9195
[INFO] Checkpoint disimpan: D:\S2 UMAYAH\TESIS\Pra Penelitian 2\checkpoints\ablation_gmexp_40pct_30ep_seed123.pth
[INFO] Inferensi: median=18.89 ms (rata-rata=19.18 +/- 1.17 ms, 300 runs, 30 warmup, 1 thread)

============================================================
HASIL EVALUASI
============================================================
  Akurasi      : 0.9195 (91.95%)
  Precision    : 0.9199
  Recall       : 0.9195
  F1-Score     : 0.9189
  Parameter    : 1,513,575
  Ukuran (MB)  : 5.86
  FLOPs        : 215.009 M
  Inferensi    : 18.89 ms (median, std=1.17, n=300)
============================================================

Classification Report:
                     precision    recall  f1-score   support

    Brown_Spot_Rice     0.8500    0.8500    0.8500        20
   Common_Rust_Corn     0.9474    0.9474    0.9474        19
Gray_Leaf_Spot_Corn     0.9444    0.8500    0.8947        20
       Healthy_Corn     0.9500    1.0000    0.9744        19
       Healthy_Rice     0.9500    1.0000    0.9744        19
  Healthy_Sugarcane     0.9444    0.8947    0.9189        19
    Leaf_Blast_Rice     0.8421    0.8000    0.8205        20
   Mosaic_Sugarcane     0.8571    0.9474    0.9000        19
     Rust_Sugarcane     1.0000    1.0000    1.0000        19

           accuracy                         0.9195       174
          macro avg     0.9206    0.9211    0.9200       174
       weighted avg     0.9199    0.9195    0.9189       174

[INFO] Inferensi: median=19.29 ms (rata-rata=19.70 +/- 0.97 ms, 300 runs, 30 warmup, 1 thread)

============================================================
HASIL EVALUASI
============================================================
  Akurasi      : 0.9429 (94.29%)
  Precision    : 0.9452
  Recall       : 0.9429
  F1-Score     : 0.9426
  Parameter    : 1,513,575
  Ukuran (MB)  : 5.86
  FLOPs        : 215.009 M
  Inferensi    : 19.29 ms (median, std=0.97, n=300)
============================================================

Classification Report:
                     precision    recall  f1-score   support

    Brown_Spot_Rice     0.8571    0.9474    0.9000        19
   Common_Rust_Corn     1.0000    1.0000    1.0000        19
Gray_Leaf_Spot_Corn     0.8947    0.8947    0.8947        19
       Healthy_Corn     0.9474    0.9000    0.9231        20
       Healthy_Rice     0.9524    1.0000    0.9756        20
  Healthy_Sugarcane     0.9091    1.0000    0.9524        20
    Leaf_Blast_Rice     1.0000    0.8421    0.9143        19
   Mosaic_Sugarcane     0.9444    0.8947    0.9189        19
     Rust_Sugarcane     1.0000    1.0000    1.0000        20

           accuracy                         0.9429       175
          macro avg     0.9450    0.9421    0.9421       175
       weighted avg     0.9452    0.9429    0.9426       175

[INFO] Hasil sementara disimpan: D:\S2 UMAYAH\TESIS\Pra Penelitian 2\outputs\multiseed_single_criteria_results.json

>>> Run 28/42 | gm 40% seed=2024 | Waktu berjalan: 1192.4 menit (19.87 jam)
[TRAIN] 812 gambar, 9 kelas, batch_size=32
[VAL] 174 gambar, 9 kelas, batch_size=32
[TEST] 175 gambar, 9 kelas, batch_size=32

============================================================
GM 40% seed=2024 (mask identik di ketiga seed)
============================================================
[INFO] Training GM 40% seed=2024 pada cpu, 30 epoch, lr=0.0001

Epoch 1/30
----------------------------------------
  train Loss: 0.2777 Acc: 0.8929D:\S2 UMAYAH\TESIS\Pra Penelitian 2\venv\Lib\site-packages\torch\utils\data\dataloader.py:1102: UserWarning: 'pin_memory' argument is set as true but no accelerator is found, then device pinned memory won't be used.
  super().__init__(loader)
D:\S2 UMAYAH\TESIS\Pra Penelitian 2\venv\Lib\site-packages\torch\utils\data\dataloader.py:1102: UserWarning: 'pin_memory' argument is set as true but no accelerator is found, then device pinned memory won't be used.
  super().__init__(loader)

  val   Loss: 0.3229 Acc: 0.8851
  >> Model terbaik diperbarui! Val Acc: 0.8851

Epoch 2/30
----------------------------------------
  train Loss: 0.1882 Acc: 0.9113
  val   Loss: 0.2668 Acc: 0.8908
  >> Model terbaik diperbarui! Val Acc: 0.8908

Epoch 3/30
----------------------------------------
  train Loss: 0.1186 Acc: 0.9433
  val   Loss: 0.2589 Acc: 0.9195
  >> Model terbaik diperbarui! Val Acc: 0.9195

Epoch 4/30
----------------------------------------
  train Loss: 0.1331 Acc: 0.9372
  val   Loss: 0.2755 Acc: 0.9023

Epoch 5/30
----------------------------------------
  train Loss: 0.1033 Acc: 0.9470
  val   Loss: 0.2918 Acc: 0.9195

Epoch 6/30
----------------------------------------
  train Loss: 0.1167 Acc: 0.9372
  val   Loss: 0.2528 Acc: 0.9253
  >> Model terbaik diperbarui! Val Acc: 0.9253

Epoch 7/30
----------------------------------------
  train Loss: 0.0686 Acc: 0.9618
  val   Loss: 0.2595 Acc: 0.9138

Epoch 8/30
----------------------------------------
  train Loss: 0.0755 Acc: 0.9618
  val   Loss: 0.2759 Acc: 0.9195

Epoch 9/30
----------------------------------------
  train Loss: 0.0630 Acc: 0.9680
  val   Loss: 0.3317 Acc: 0.9195

Epoch 10/30
----------------------------------------
  train Loss: 0.0988 Acc: 0.9495
  val   Loss: 0.2543 Acc: 0.9368
  >> Model terbaik diperbarui! Val Acc: 0.9368

Epoch 11/30
----------------------------------------
  train Loss: 0.0715 Acc: 0.9631
  val   Loss: 0.2549 Acc: 0.9368

Epoch 12/30
----------------------------------------
  train Loss: 0.0455 Acc: 0.9741
  val   Loss: 0.2593 Acc: 0.9253

Epoch 13/30
----------------------------------------
  train Loss: 0.0622 Acc: 0.9655
  val   Loss: 0.2637 Acc: 0.9253

Epoch 14/30
----------------------------------------
  train Loss: 0.0565 Acc: 0.9655
  val   Loss: 0.2699 Acc: 0.9310

Epoch 15/30
----------------------------------------
  train Loss: 0.0560 Acc: 0.9692
  val   Loss: 0.2490 Acc: 0.9310

Epoch 16/30
----------------------------------------
  train Loss: 0.0585 Acc: 0.9606
  val   Loss: 0.2582 Acc: 0.9253

Epoch 17/30
----------------------------------------
  train Loss: 0.0727 Acc: 0.9655
  val   Loss: 0.2592 Acc: 0.9253

Epoch 18/30
----------------------------------------
  train Loss: 0.0567 Acc: 0.9729
  val   Loss: 0.2544 Acc: 0.9253

Epoch 19/30
----------------------------------------
  train Loss: 0.0556 Acc: 0.9680
  val   Loss: 0.2628 Acc: 0.9310

Epoch 20/30
----------------------------------------
  train Loss: 0.0515 Acc: 0.9717
  val   Loss: 0.2575 Acc: 0.9253

Epoch 21/30
----------------------------------------
  train Loss: 0.0587 Acc: 0.9655
  val   Loss: 0.2536 Acc: 0.9253

Epoch 22/30
----------------------------------------
  train Loss: 0.0578 Acc: 0.9643
  val   Loss: 0.2602 Acc: 0.9253

Epoch 23/30
----------------------------------------
  train Loss: 0.0788 Acc: 0.9606
  val   Loss: 0.2616 Acc: 0.9310

Epoch 24/30
----------------------------------------
  train Loss: 0.0579 Acc: 0.9692
  val   Loss: 0.2595 Acc: 0.9253

Epoch 25/30
----------------------------------------
  train Loss: 0.0482 Acc: 0.9704
  val   Loss: 0.2577 Acc: 0.9310

Epoch 26/30
----------------------------------------
  train Loss: 0.0487 Acc: 0.9717
  val   Loss: 0.2536 Acc: 0.9368

Epoch 27/30
----------------------------------------
  train Loss: 0.0469 Acc: 0.9717
  val   Loss: 0.2626 Acc: 0.9253

Epoch 28/30
----------------------------------------
  train Loss: 0.0472 Acc: 0.9667
  val   Loss: 0.2629 Acc: 0.9253

Epoch 29/30
----------------------------------------
  train Loss: 0.0471 Acc: 0.9692
  val   Loss: 0.2562 Acc: 0.9368

Epoch 30/30
----------------------------------------
  train Loss: 0.0499 Acc: 0.9729
  val   Loss: 0.2649 Acc: 0.9253

[SELESAI] GM 40% seed=2024 - Best Val Acc: 0.9368
[INFO] Checkpoint disimpan: D:\S2 UMAYAH\TESIS\Pra Penelitian 2\checkpoints\ablation_gmexp_40pct_30ep_seed2024.pth
[INFO] Inferensi: median=18.85 ms (rata-rata=19.20 +/- 0.99 ms, 300 runs, 30 warmup, 1 thread)

============================================================
HASIL EVALUASI
============================================================
  Akurasi      : 0.9368 (93.68%)
  Precision    : 0.9367
  Recall       : 0.9368
  F1-Score     : 0.9365
  Parameter    : 1,513,575
  Ukuran (MB)  : 5.86
  FLOPs        : 215.009 M
  Inferensi    : 18.85 ms (median, std=0.99, n=300)
============================================================

Classification Report:
                     precision    recall  f1-score   support

    Brown_Spot_Rice     0.8947    0.8500    0.8718        20
   Common_Rust_Corn     0.9474    0.9474    0.9474        19
Gray_Leaf_Spot_Corn     0.9500    0.9500    0.9500        20
       Healthy_Corn     1.0000    1.0000    1.0000        19
       Healthy_Rice     0.9500    1.0000    0.9744        19
  Healthy_Sugarcane     0.9444    0.8947    0.9189        19
    Leaf_Blast_Rice     0.8500    0.8500    0.8500        20
   Mosaic_Sugarcane     0.9000    0.9474    0.9231        19
     Rust_Sugarcane     1.0000    1.0000    1.0000        19

           accuracy                         0.9368       174
          macro avg     0.9374    0.9377    0.9373       174
       weighted avg     0.9367    0.9368    0.9365       174

[INFO] Inferensi: median=18.94 ms (rata-rata=19.09 +/- 0.51 ms, 300 runs, 30 warmup, 1 thread)

============================================================
HASIL EVALUASI
============================================================
  Akurasi      : 0.9371 (93.71%)
  Precision    : 0.9388
  Recall       : 0.9371
  F1-Score     : 0.9367
  Parameter    : 1,513,575
  Ukuran (MB)  : 5.86
  FLOPs        : 215.009 M
  Inferensi    : 18.94 ms (median, std=0.51, n=300)
============================================================

Classification Report:
                     precision    recall  f1-score   support

    Brown_Spot_Rice     0.8500    0.8947    0.8718        19
   Common_Rust_Corn     1.0000    1.0000    1.0000        19
Gray_Leaf_Spot_Corn     0.9444    0.8947    0.9189        19
       Healthy_Corn     0.9500    0.9500    0.9500        20
       Healthy_Rice     0.9524    1.0000    0.9756        20
  Healthy_Sugarcane     0.8696    1.0000    0.9302        20
    Leaf_Blast_Rice     0.9412    0.8421    0.8889        19
   Mosaic_Sugarcane     0.9412    0.8421    0.8889        19
     Rust_Sugarcane     1.0000    1.0000    1.0000        20

           accuracy                         0.9371       175
          macro avg     0.9387    0.9360    0.9360       175
       weighted avg     0.9388    0.9371    0.9367       175

[INFO] Hasil sementara disimpan: D:\S2 UMAYAH\TESIS\Pra Penelitian 2\outputs\multiseed_single_criteria_results.json

>>> Run 29/42 | gm 50% seed=123 | Waktu berjalan: 1234.0 menit (20.57 jam)
[Pruning] Rasio: 50%
  Channel total  : 7104
  Channel dipangkas: 3552
  Channel tersisa  : 3552
[TRAIN] 812 gambar, 9 kelas, batch_size=32
[VAL] 174 gambar, 9 kelas, batch_size=32
[TEST] 175 gambar, 9 kelas, batch_size=32

============================================================
GM 50% seed=123 (mask identik di ketiga seed)
============================================================
[INFO] Training GM 50% seed=123 pada cpu, 30 epoch, lr=0.0001

Epoch 1/30
----------------------------------------
  train Loss: 0.5101 Acc: 0.8177
  val   Loss: 0.5412 Acc: 0.8046
  >> Model terbaik diperbarui! Val Acc: 0.8046

Epoch 2/30
----------------------------------------
  train Loss: 0.2839 Acc: 0.8830
  val   Loss: 0.3499 Acc: 0.8793
  >> Model terbaik diperbarui! Val Acc: 0.8793

Epoch 3/30
----------------------------------------
  train Loss: 0.2428 Acc: 0.9015
  val   Loss: 0.3679 Acc: 0.8563

Epoch 4/30
----------------------------------------
  train Loss: 0.1992 Acc: 0.9150
  val   Loss: 0.3316 Acc: 0.8851
  >> Model terbaik diperbarui! Val Acc: 0.8851

Epoch 5/30
----------------------------------------
  train Loss: 0.1807 Acc: 0.9224D:\S2 UMAYAH\TESIS\Pra Penelitian 2\venv\Lib\site-packages\torch\utils\data\dataloader.py:1102: UserWarning: 'pin_memory' argument is set as true but no accelerator is found, then device pinned memory won't be used.
  super().__init__(loader)
D:\S2 UMAYAH\TESIS\Pra Penelitian 2\venv\Lib\site-packages\torch\utils\data\dataloader.py:1102: UserWarning: 'pin_memory' argument is set as true but no accelerator is found, then device pinned memory won't be used.
  super().__init__(loader)

  val   Loss: 0.3082 Acc: 0.8966
  >> Model terbaik diperbarui! Val Acc: 0.8966

Epoch 6/30
----------------------------------------
  train Loss: 0.1444 Acc: 0.9397
  val   Loss: 0.3254 Acc: 0.8736

Epoch 7/30
----------------------------------------
  train Loss: 0.1645 Acc: 0.9298
  val   Loss: 0.3009 Acc: 0.8908

Epoch 8/30
----------------------------------------
  train Loss: 0.1385 Acc: 0.9360
  val   Loss: 0.2973 Acc: 0.9023
  >> Model terbaik diperbarui! Val Acc: 0.9023

Epoch 9/30
----------------------------------------
  train Loss: 0.1221 Acc: 0.9520
  val   Loss: 0.3246 Acc: 0.8851

Epoch 10/30
----------------------------------------
  train Loss: 0.1270 Acc: 0.9470
  val   Loss: 0.3071 Acc: 0.8908

Epoch 11/30
----------------------------------------
  train Loss: 0.1186 Acc: 0.9483
  val   Loss: 0.2844 Acc: 0.8966

Epoch 12/30
----------------------------------------
  train Loss: 0.1109 Acc: 0.9433
  val   Loss: 0.2934 Acc: 0.8908

Epoch 13/30
----------------------------------------
  train Loss: 0.1136 Acc: 0.9557
  val   Loss: 0.2815 Acc: 0.8966

Epoch 14/30
----------------------------------------
  train Loss: 0.1150 Acc: 0.9507
  val   Loss: 0.2798 Acc: 0.9023

Epoch 15/30
----------------------------------------
  train Loss: 0.1145 Acc: 0.9483
  val   Loss: 0.2859 Acc: 0.8966

Epoch 16/30
----------------------------------------
  train Loss: 0.1010 Acc: 0.9544
  val   Loss: 0.2838 Acc: 0.9080
  >> Model terbaik diperbarui! Val Acc: 0.9080

Epoch 17/30
----------------------------------------
  train Loss: 0.0936 Acc: 0.9544
  val   Loss: 0.2792 Acc: 0.9023

Epoch 18/30
----------------------------------------
  train Loss: 0.0682 Acc: 0.9618
  val   Loss: 0.2840 Acc: 0.8966

Epoch 19/30
----------------------------------------
  train Loss: 0.1145 Acc: 0.9507
  val   Loss: 0.2935 Acc: 0.9023

Epoch 20/30
----------------------------------------
  train Loss: 0.0914 Acc: 0.9557
  val   Loss: 0.2759 Acc: 0.9080

Epoch 21/30
----------------------------------------
  train Loss: 0.0853 Acc: 0.9557
  val   Loss: 0.2846 Acc: 0.9023

Epoch 22/30
----------------------------------------
  train Loss: 0.0803 Acc: 0.9594
  val   Loss: 0.2834 Acc: 0.9023

Epoch 23/30
----------------------------------------
  train Loss: 0.0724 Acc: 0.9643
  val   Loss: 0.2763 Acc: 0.9138
  >> Model terbaik diperbarui! Val Acc: 0.9138

Epoch 24/30
----------------------------------------
  train Loss: 0.1066 Acc: 0.9544
  val   Loss: 0.2807 Acc: 0.9080

Epoch 25/30
----------------------------------------
  train Loss: 0.1064 Acc: 0.9544
  val   Loss: 0.2782 Acc: 0.9080

Epoch 26/30
----------------------------------------
  train Loss: 0.0908 Acc: 0.9557
  val   Loss: 0.2800 Acc: 0.9080

Epoch 27/30
----------------------------------------
  train Loss: 0.0933 Acc: 0.9557
  val   Loss: 0.2855 Acc: 0.8966

Epoch 28/30
----------------------------------------
  train Loss: 0.0922 Acc: 0.9569
  val   Loss: 0.2855 Acc: 0.9023

Epoch 29/30
----------------------------------------
  train Loss: 0.0866 Acc: 0.9507
  val   Loss: 0.2838 Acc: 0.9080

Epoch 30/30
----------------------------------------
  train Loss: 0.1000 Acc: 0.9520
  val   Loss: 0.2782 Acc: 0.9023

[SELESAI] GM 50% seed=123 - Best Val Acc: 0.9138
[INFO] Checkpoint disimpan: D:\S2 UMAYAH\TESIS\Pra Penelitian 2\checkpoints\ablation_gmexp_50pct_30ep_seed123.pth
[INFO] Inferensi: median=17.08 ms (rata-rata=17.21 +/- 0.49 ms, 300 runs, 30 warmup, 1 thread)

============================================================
HASIL EVALUASI
============================================================
  Akurasi      : 0.9138 (91.38%)
  Precision    : 0.9174
  Recall       : 0.9138
  F1-Score     : 0.9137
  Parameter    : 1,331,945
  Ukuran (MB)  : 5.16
  FLOPs        : 186.462 M
  Inferensi    : 17.08 ms (median, std=0.49, n=300)
============================================================

Classification Report:
                     precision    recall  f1-score   support

    Brown_Spot_Rice     0.8824    0.7500    0.8108        20
   Common_Rust_Corn     1.0000    0.9474    0.9730        19
Gray_Leaf_Spot_Corn     1.0000    0.9500    0.9744        20
       Healthy_Corn     0.9048    1.0000    0.9500        19
       Healthy_Rice     0.9500    1.0000    0.9744        19
  Healthy_Sugarcane     0.8947    0.8947    0.8947        19
    Leaf_Blast_Rice     0.7727    0.8500    0.8095        20
   Mosaic_Sugarcane     0.8571    0.9474    0.9000        19
     Rust_Sugarcane     1.0000    0.8947    0.9444        19

           accuracy                         0.9138       174
          macro avg     0.9180    0.9149    0.9146       174
       weighted avg     0.9174    0.9138    0.9137       174

[INFO] Inferensi: median=16.86 ms (rata-rata=17.15 +/- 2.09 ms, 300 runs, 30 warmup, 1 thread)

============================================================
HASIL EVALUASI
============================================================
  Akurasi      : 0.9257 (92.57%)
  Precision    : 0.9275
  Recall       : 0.9257
  F1-Score     : 0.9254
  Parameter    : 1,331,945
  Ukuran (MB)  : 5.16
  FLOPs        : 186.462 M
  Inferensi    : 16.86 ms (median, std=2.09, n=300)
============================================================

Classification Report:
                     precision    recall  f1-score   support

    Brown_Spot_Rice     0.8571    0.9474    0.9000        19
   Common_Rust_Corn     0.9500    1.0000    0.9744        19
Gray_Leaf_Spot_Corn     0.9444    0.8947    0.9189        19
       Healthy_Corn     0.9474    0.9000    0.9231        20
       Healthy_Rice     0.9524    1.0000    0.9756        20
  Healthy_Sugarcane     0.8636    0.9500    0.9048        20
    Leaf_Blast_Rice     0.9412    0.8421    0.8889        19
   Mosaic_Sugarcane     0.8889    0.8421    0.8649        19
     Rust_Sugarcane     1.0000    0.9500    0.9744        20

           accuracy                         0.9257       175
          macro avg     0.9272    0.9251    0.9250       175
       weighted avg     0.9275    0.9257    0.9254       175

[INFO] Hasil sementara disimpan: D:\S2 UMAYAH\TESIS\Pra Penelitian 2\outputs\multiseed_single_criteria_results.json

>>> Run 30/42 | gm 50% seed=2024 | Waktu berjalan: 1272.6 menit (21.21 jam)
[TRAIN] 812 gambar, 9 kelas, batch_size=32
[VAL] 174 gambar, 9 kelas, batch_size=32
[TEST] 175 gambar, 9 kelas, batch_size=32

============================================================
GM 50% seed=2024 (mask identik di ketiga seed)
============================================================
[INFO] Training GM 50% seed=2024 pada cpu, 30 epoch, lr=0.0001

Epoch 1/30
----------------------------------------
  train Loss: 0.5272 Acc: 0.8042
  val   Loss: 0.4900 Acc: 0.8218
  >> Model terbaik diperbarui! Val Acc: 0.8218

Epoch 2/30
----------------------------------------
  train Loss: 0.2639 Acc: 0.8916
  val   Loss: 0.3439 Acc: 0.8793
  >> Model terbaik diperbarui! Val Acc: 0.8793

Epoch 3/30
----------------------------------------
  train Loss: 0.2342 Acc: 0.9138
  val   Loss: 0.3529 Acc: 0.8678

Epoch 4/30
----------------------------------------
  train Loss: 0.2085 Acc: 0.8978
  val   Loss: 0.3216 Acc: 0.9138
  >> Model terbaik diperbarui! Val Acc: 0.9138

Epoch 5/30
----------------------------------------
  train Loss: 0.1622 Acc: 0.9249
  val   Loss: 0.3196 Acc: 0.9023

Epoch 6/30
----------------------------------------
  train Loss: 0.1552 Acc: 0.9347
  val   Loss: 0.3243 Acc: 0.8908

Epoch 7/30
----------------------------------------
  train Loss: 0.1641 Acc: 0.9273
  val   Loss: 0.3207 Acc: 0.9080

Epoch 8/30
----------------------------------------
  train Loss: 0.1322 Acc: 0.9421
  val   Loss: 0.2879 Acc: 0.9138

Epoch 9/30
----------------------------------------
  train Loss: 0.1444 Acc: 0.9446
  val   Loss: 0.3244 Acc: 0.9080

Epoch 10/30
----------------------------------------
  train Loss: 0.1119 Acc: 0.9544
  val   Loss: 0.3106 Acc: 0.9023D:\S2 UMAYAH\TESIS\Pra Penelitian 2\venv\Lib\site-packages\torch\utils\data\dataloader.py:1102: UserWarning: 'pin_memory' argument is set as true but no accelerator is found, then device pinned memory won't be used.
  super().__init__(loader)
D:\S2 UMAYAH\TESIS\Pra Penelitian 2\venv\Lib\site-packages\torch\utils\data\dataloader.py:1102: UserWarning: 'pin_memory' argument is set as true but no accelerator is found, then device pinned memory won't be used.
  super().__init__(loader)


Epoch 11/30
----------------------------------------
  train Loss: 0.1106 Acc: 0.9544
  val   Loss: 0.3103 Acc: 0.9138

Epoch 12/30
----------------------------------------
  train Loss: 0.1069 Acc: 0.9495
  val   Loss: 0.3082 Acc: 0.9138

Epoch 13/30
----------------------------------------
  train Loss: 0.0816 Acc: 0.9557
  val   Loss: 0.3084 Acc: 0.9080

Epoch 14/30
----------------------------------------
  train Loss: 0.1072 Acc: 0.9507
  val   Loss: 0.3043 Acc: 0.9195
  >> Model terbaik diperbarui! Val Acc: 0.9195

Epoch 15/30
----------------------------------------
  train Loss: 0.1193 Acc: 0.9397
  val   Loss: 0.3114 Acc: 0.9253
  >> Model terbaik diperbarui! Val Acc: 0.9253

Epoch 16/30
----------------------------------------
  train Loss: 0.0963 Acc: 0.9470
  val   Loss: 0.3018 Acc: 0.9253

Epoch 17/30
----------------------------------------
  train Loss: 0.1160 Acc: 0.9458
  val   Loss: 0.3049 Acc: 0.9195

Epoch 18/30
----------------------------------------
  train Loss: 0.0951 Acc: 0.9544
  val   Loss: 0.2922 Acc: 0.9195

Epoch 19/30
----------------------------------------
  train Loss: 0.1031 Acc: 0.9409
  val   Loss: 0.3008 Acc: 0.9195

Epoch 20/30
----------------------------------------
  train Loss: 0.1042 Acc: 0.9458
  val   Loss: 0.2982 Acc: 0.9253

Epoch 21/30
----------------------------------------
  train Loss: 0.1032 Acc: 0.9532
  val   Loss: 0.3045 Acc: 0.9195

Epoch 22/30
----------------------------------------
  train Loss: 0.0933 Acc: 0.9557
  val   Loss: 0.3054 Acc: 0.9253

Epoch 23/30
----------------------------------------
  train Loss: 0.0764 Acc: 0.9606
  val   Loss: 0.3068 Acc: 0.9253

Epoch 24/30
----------------------------------------
  train Loss: 0.1029 Acc: 0.9483
  val   Loss: 0.3065 Acc: 0.9195

Epoch 25/30
----------------------------------------
  train Loss: 0.0913 Acc: 0.9532
  val   Loss: 0.3028 Acc: 0.9253

Epoch 26/30
----------------------------------------
  train Loss: 0.0805 Acc: 0.9594
  val   Loss: 0.3032 Acc: 0.9253

Epoch 27/30
----------------------------------------
  train Loss: 0.1012 Acc: 0.9532
  val   Loss: 0.3070 Acc: 0.9195

Epoch 28/30
----------------------------------------
  train Loss: 0.1048 Acc: 0.9532
  val   Loss: 0.3047 Acc: 0.9253

Epoch 29/30
----------------------------------------
  train Loss: 0.0936 Acc: 0.9594
  val   Loss: 0.3039 Acc: 0.9253

Epoch 30/30
----------------------------------------
  train Loss: 0.0862 Acc: 0.9594
  val   Loss: 0.2989 Acc: 0.9253

[SELESAI] GM 50% seed=2024 - Best Val Acc: 0.9253
[INFO] Checkpoint disimpan: D:\S2 UMAYAH\TESIS\Pra Penelitian 2\checkpoints\ablation_gmexp_50pct_30ep_seed2024.pth
[INFO] Inferensi: median=16.51 ms (rata-rata=16.83 +/- 2.12 ms, 300 runs, 30 warmup, 1 thread)

============================================================
HASIL EVALUASI
============================================================
  Akurasi      : 0.9253 (92.53%)
  Precision    : 0.9285
  Recall       : 0.9253
  F1-Score     : 0.9256
  Parameter    : 1,331,945
  Ukuran (MB)  : 5.16
  FLOPs        : 186.462 M
  Inferensi    : 16.51 ms (median, std=2.12, n=300)
============================================================

Classification Report:
                     precision    recall  f1-score   support

    Brown_Spot_Rice     0.8889    0.8000    0.8421        20
   Common_Rust_Corn     1.0000    0.9474    0.9730        19
Gray_Leaf_Spot_Corn     1.0000    0.9500    0.9744        20
       Healthy_Corn     0.9500    1.0000    0.9744        19
       Healthy_Rice     0.9500    1.0000    0.9744        19
  Healthy_Sugarcane     0.9444    0.8947    0.9189        19
    Leaf_Blast_Rice     0.8095    0.8500    0.8293        20
   Mosaic_Sugarcane     0.8182    0.9474    0.8780        19
     Rust_Sugarcane     1.0000    0.9474    0.9730        19

           accuracy                         0.9253       174
          macro avg     0.9290    0.9263    0.9264       174
       weighted avg     0.9285    0.9253    0.9256       174

[INFO] Inferensi: median=16.46 ms (rata-rata=16.71 +/- 0.97 ms, 300 runs, 30 warmup, 1 thread)

============================================================
HASIL EVALUASI
============================================================
  Akurasi      : 0.9086 (90.86%)
  Precision    : 0.9107
  Recall       : 0.9086
  F1-Score     : 0.9081
  Parameter    : 1,331,945
  Ukuran (MB)  : 5.16
  FLOPs        : 186.462 M
  Inferensi    : 16.46 ms (median, std=0.97, n=300)
============================================================

Classification Report:
                     precision    recall  f1-score   support

    Brown_Spot_Rice     0.8421    0.8421    0.8421        19
   Common_Rust_Corn     0.9500    1.0000    0.9744        19
Gray_Leaf_Spot_Corn     0.8947    0.8947    0.8947        19
       Healthy_Corn     0.9444    0.8500    0.8947        20
       Healthy_Rice     0.8696    1.0000    0.9302        20
  Healthy_Sugarcane     0.8636    0.9500    0.9048        20
    Leaf_Blast_Rice     0.9412    0.8421    0.8889        19
   Mosaic_Sugarcane     0.8889    0.8421    0.8649        19
     Rust_Sugarcane     1.0000    0.9500    0.9744        20

           accuracy                         0.9086       175
          macro avg     0.9105    0.9079    0.9077       175
       weighted avg     0.9107    0.9086    0.9081       175

[INFO] Hasil sementara disimpan: D:\S2 UMAYAH\TESIS\Pra Penelitian 2\outputs\multiseed_single_criteria_results.json

>>> Run 31/42 | gm 60% seed=123 | Waktu berjalan: 1311.7 menit (21.86 jam)
[Pruning] Rasio: 60%
  Channel total  : 7104
  Channel dipangkas: 4257
  Channel tersisa  : 2847
[TRAIN] 812 gambar, 9 kelas, batch_size=32
[VAL] 174 gambar, 9 kelas, batch_size=32
[TEST] 175 gambar, 9 kelas, batch_size=32

============================================================
GM 60% seed=123 (mask identik di ketiga seed)
============================================================
[INFO] Training GM 60% seed=123 pada cpu, 30 epoch, lr=0.0001

Epoch 1/30
----------------------------------------
  train Loss: 0.9663 Acc: 0.6724
  val   Loss: 0.8763 Acc: 0.6667
  >> Model terbaik diperbarui! Val Acc: 0.6667

Epoch 2/30
----------------------------------------
  train Loss: 0.5420 Acc: 0.7943
  val   Loss: 0.6111 Acc: 0.7874
  >> Model terbaik diperbarui! Val Acc: 0.7874

Epoch 3/30
----------------------------------------
  train Loss: 0.3874 Acc: 0.8547
  val   Loss: 0.5471 Acc: 0.7989
  >> Model terbaik diperbarui! Val Acc: 0.7989

Epoch 4/30
----------------------------------------
  train Loss: 0.3677 Acc: 0.8534
  val   Loss: 0.5214 Acc: 0.8161
  >> Model terbaik diperbarui! Val Acc: 0.8161

Epoch 5/30
----------------------------------------
  train Loss: 0.2960 Acc: 0.8744
  val   Loss: 0.4762 Acc: 0.8506
  >> Model terbaik diperbarui! Val Acc: 0.8506

Epoch 6/30
----------------------------------------
  train Loss: 0.2823 Acc: 0.8830
  val   Loss: 0.4726 Acc: 0.8448

Epoch 7/30
----------------------------------------
  train Loss: 0.2936 Acc: 0.8867
  val   Loss: 0.4967 Acc: 0.8218

Epoch 8/30
----------------------------------------
  train Loss: 0.2421 Acc: 0.8990
  val   Loss: 0.4413 Acc: 0.8621
  >> Model terbaik diperbarui! Val Acc: 0.8621

Epoch 9/30
----------------------------------------
  train Loss: 0.2324 Acc: 0.8990
  val   Loss: 0.4796 Acc: 0.8333

Epoch 10/30
----------------------------------------
  train Loss: 0.2189 Acc: 0.9101
  val   Loss: 0.4520 Acc: 0.8448

Epoch 11/30
----------------------------------------
  train Loss: 0.2035 Acc: 0.9101
  val   Loss: 0.4316 Acc: 0.8391

Epoch 12/30
----------------------------------------
  train Loss: 0.1963 Acc: 0.9249
  val   Loss: 0.4441 Acc: 0.8448

Epoch 13/30
----------------------------------------
  train Loss: 0.2184 Acc: 0.9039
  val   Loss: 0.4344 Acc: 0.8563

Epoch 14/30
----------------------------------------
  train Loss: 0.1800 Acc: 0.9335
  val   Loss: 0.4330 Acc: 0.8448D:\S2 UMAYAH\TESIS\Pra Penelitian 2\venv\Lib\site-packages\torch\utils\data\dataloader.py:1102: UserWarning: 'pin_memory' argument is set as true but no accelerator is found, then device pinned memory won't be used.
  super().__init__(loader)
D:\S2 UMAYAH\TESIS\Pra Penelitian 2\venv\Lib\site-packages\torch\utils\data\dataloader.py:1102: UserWarning: 'pin_memory' argument is set as true but no accelerator is found, then device pinned memory won't be used.
  super().__init__(loader)


Epoch 15/30
----------------------------------------
  train Loss: 0.1833 Acc: 0.9200
  val   Loss: 0.4343 Acc: 0.8448

Epoch 16/30
----------------------------------------
  train Loss: 0.1634 Acc: 0.9212
  val   Loss: 0.4355 Acc: 0.8506

Epoch 17/30
----------------------------------------
  train Loss: 0.1907 Acc: 0.9249
  val   Loss: 0.4191 Acc: 0.8506

Epoch 18/30
----------------------------------------
  train Loss: 0.1582 Acc: 0.9323
  val   Loss: 0.4215 Acc: 0.8448

Epoch 19/30
----------------------------------------
  train Loss: 0.1790 Acc: 0.9212
  val   Loss: 0.4218 Acc: 0.8448

Epoch 20/30
----------------------------------------
  train Loss: 0.1657 Acc: 0.9397
  val   Loss: 0.4363 Acc: 0.8506

Epoch 21/30
----------------------------------------
  train Loss: 0.1842 Acc: 0.9200
  val   Loss: 0.4302 Acc: 0.8506

Epoch 22/30
----------------------------------------
  train Loss: 0.1625 Acc: 0.9261
  val   Loss: 0.4182 Acc: 0.8563

Epoch 23/30
----------------------------------------
  train Loss: 0.1739 Acc: 0.9298
  val   Loss: 0.4226 Acc: 0.8621

Epoch 24/30
----------------------------------------
  train Loss: 0.1930 Acc: 0.9175
  val   Loss: 0.4289 Acc: 0.8621

Epoch 25/30
----------------------------------------
  train Loss: 0.1516 Acc: 0.9347
  val   Loss: 0.4329 Acc: 0.8563

Epoch 26/30
----------------------------------------
  train Loss: 0.1771 Acc: 0.9175
  val   Loss: 0.4316 Acc: 0.8506

Epoch 27/30
----------------------------------------
  train Loss: 0.1924 Acc: 0.9212
  val   Loss: 0.4318 Acc: 0.8563

Epoch 28/30
----------------------------------------
  train Loss: 0.1679 Acc: 0.9273
  val   Loss: 0.4139 Acc: 0.8506

Epoch 29/30
----------------------------------------
  train Loss: 0.1803 Acc: 0.9175
  val   Loss: 0.4327 Acc: 0.8621

Epoch 30/30
----------------------------------------
  train Loss: 0.1668 Acc: 0.9236
  val   Loss: 0.4287 Acc: 0.8506

[SELESAI] GM 60% seed=123 - Best Val Acc: 0.8621
[INFO] Checkpoint disimpan: D:\S2 UMAYAH\TESIS\Pra Penelitian 2\checkpoints\ablation_gmexp_60pct_30ep_seed123.pth
[INFO] Inferensi: median=15.82 ms (rata-rata=15.97 +/- 0.68 ms, 300 runs, 30 warmup, 1 thread)

============================================================
HASIL EVALUASI
============================================================
  Akurasi      : 0.8621 (86.21%)
  Precision    : 0.8685
  Recall       : 0.8621
  F1-Score     : 0.8620
  Parameter    : 1,152,036
  Ukuran (MB)  : 4.46
  FLOPs        : 159.010 M
  Inferensi    : 15.82 ms (median, std=0.68, n=300)
============================================================

Classification Report:
                     precision    recall  f1-score   support

    Brown_Spot_Rice     0.7083    0.8500    0.7727        20
   Common_Rust_Corn     1.0000    0.9474    0.9730        19
Gray_Leaf_Spot_Corn     0.9412    0.8000    0.8649        20
       Healthy_Corn     0.8182    0.9474    0.8780        19
       Healthy_Rice     0.9500    1.0000    0.9744        19
  Healthy_Sugarcane     0.8000    0.8421    0.8205        19
    Leaf_Blast_Rice     0.8750    0.7000    0.7778        20
   Mosaic_Sugarcane     0.8333    0.7895    0.8108        19
     Rust_Sugarcane     0.8947    0.8947    0.8947        19

           accuracy                         0.8621       174
          macro avg     0.8690    0.8635    0.8630       174
       weighted avg     0.8685    0.8621    0.8620       174

[INFO] Inferensi: median=15.91 ms (rata-rata=16.28 +/- 1.40 ms, 300 runs, 30 warmup, 1 thread)

============================================================
HASIL EVALUASI
============================================================
  Akurasi      : 0.8629 (86.29%)
  Precision    : 0.8729
  Recall       : 0.8629
  F1-Score     : 0.8641
  Parameter    : 1,152,036
  Ukuran (MB)  : 4.46
  FLOPs        : 159.010 M
  Inferensi    : 15.91 ms (median, std=1.40, n=300)
============================================================

Classification Report:
                     precision    recall  f1-score   support

    Brown_Spot_Rice     0.6667    0.8421    0.7442        19
   Common_Rust_Corn     1.0000    1.0000    1.0000        19
Gray_Leaf_Spot_Corn     0.8500    0.8947    0.8718        19
       Healthy_Corn     0.9412    0.8000    0.8649        20
       Healthy_Rice     0.9000    0.9000    0.9000        20
  Healthy_Sugarcane     0.7826    0.9000    0.8372        20
    Leaf_Blast_Rice     0.8667    0.6842    0.7647        19
   Mosaic_Sugarcane     0.8421    0.8421    0.8421        19
     Rust_Sugarcane     1.0000    0.9000    0.9474        20

           accuracy                         0.8629       175
          macro avg     0.8721    0.8626    0.8636       175
       weighted avg     0.8729    0.8629    0.8641       175

[INFO] Hasil sementara disimpan: D:\S2 UMAYAH\TESIS\Pra Penelitian 2\outputs\multiseed_single_criteria_results.json

>>> Run 32/42 | gm 60% seed=2024 | Waktu berjalan: 1349.5 menit (22.49 jam)
[TRAIN] 812 gambar, 9 kelas, batch_size=32
[VAL] 174 gambar, 9 kelas, batch_size=32
[TEST] 175 gambar, 9 kelas, batch_size=32

============================================================
GM 60% seed=2024 (mask identik di ketiga seed)
============================================================
[INFO] Training GM 60% seed=2024 pada cpu, 30 epoch, lr=0.0001

Epoch 1/30
----------------------------------------
  train Loss: 0.9541 Acc: 0.6946
  val   Loss: 0.9014 Acc: 0.6724
  >> Model terbaik diperbarui! Val Acc: 0.6724

Epoch 2/30
----------------------------------------
  train Loss: 0.5164 Acc: 0.7993
  val   Loss: 0.6388 Acc: 0.7816
  >> Model terbaik diperbarui! Val Acc: 0.7816

Epoch 3/30
----------------------------------------
  train Loss: 0.4363 Acc: 0.8276
  val   Loss: 0.6032 Acc: 0.7874
  >> Model terbaik diperbarui! Val Acc: 0.7874

Epoch 4/30
----------------------------------------
  train Loss: 0.3494 Acc: 0.8559
  val   Loss: 0.5809 Acc: 0.8103
  >> Model terbaik diperbarui! Val Acc: 0.8103

Epoch 5/30
----------------------------------------
  train Loss: 0.3447 Acc: 0.8682
  val   Loss: 0.5077 Acc: 0.8563
  >> Model terbaik diperbarui! Val Acc: 0.8563

Epoch 6/30
----------------------------------------
  train Loss: 0.2872 Acc: 0.8732
  val   Loss: 0.4773 Acc: 0.8276

Epoch 7/30
----------------------------------------
  train Loss: 0.2504 Acc: 0.8855
  val   Loss: 0.4927 Acc: 0.8448

Epoch 8/30
----------------------------------------
  train Loss: 0.2843 Acc: 0.8941
  val   Loss: 0.4594 Acc: 0.8448

Epoch 9/30
----------------------------------------
  train Loss: 0.2121 Acc: 0.9064
  val   Loss: 0.3918 Acc: 0.8448

Epoch 10/30
----------------------------------------
  train Loss: 0.2142 Acc: 0.9064
  val   Loss: 0.4034 Acc: 0.8621
  >> Model terbaik diperbarui! Val Acc: 0.8621

Epoch 11/30
----------------------------------------
  train Loss: 0.1921 Acc: 0.9052
  val   Loss: 0.3925 Acc: 0.8621

Epoch 12/30
----------------------------------------
  train Loss: 0.1816 Acc: 0.9187
  val   Loss: 0.4038 Acc: 0.8563

Epoch 13/30
----------------------------------------
  train Loss: 0.1666 Acc: 0.9372
  val   Loss: 0.3974 Acc: 0.8678
  >> Model terbaik diperbarui! Val Acc: 0.8678

Epoch 14/30
----------------------------------------
  train Loss: 0.1739 Acc: 0.9224
  val   Loss: 0.3909 Acc: 0.8621

Epoch 15/30
----------------------------------------
  train Loss: 0.1763 Acc: 0.9261
  val   Loss: 0.3991 Acc: 0.8621

Epoch 16/30
----------------------------------------
  train Loss: 0.1921 Acc: 0.9212
  val   Loss: 0.4081 Acc: 0.8448

Epoch 17/30
----------------------------------------
  train Loss: 0.1673 Acc: 0.9360
  val   Loss: 0.3878 Acc: 0.8678

Epoch 18/30
----------------------------------------
  train Loss: 0.1568 Acc: 0.9286
  val   Loss: 0.4075 Acc: 0.8563

Epoch 19/30
----------------------------------------
  train Loss: 0.1643 Acc: 0.9421
  val   Loss: 0.4048 Acc: 0.8621
D:\S2 UMAYAH\TESIS\Pra Penelitian 2\venv\Lib\site-packages\torch\utils\data\dataloader.py:1102: UserWarning: 'pin_memory' argument is set as true but no accelerator is found, then device pinned memory won't be used.
  super().__init__(loader)
D:\S2 UMAYAH\TESIS\Pra Penelitian 2\venv\Lib\site-packages\torch\utils\data\dataloader.py:1102: UserWarning: 'pin_memory' argument is set as true but no accelerator is found, then device pinned memory won't be used.
  super().__init__(loader)

Epoch 20/30
----------------------------------------
  train Loss: 0.1365 Acc: 0.9446
  val   Loss: 0.3919 Acc: 0.8678

Epoch 21/30
----------------------------------------
  train Loss: 0.1854 Acc: 0.9163
  val   Loss: 0.3930 Acc: 0.8793
  >> Model terbaik diperbarui! Val Acc: 0.8793

Epoch 22/30
----------------------------------------
  train Loss: 0.1580 Acc: 0.9310
  val   Loss: 0.3795 Acc: 0.8678

Epoch 23/30
----------------------------------------
  train Loss: 0.1930 Acc: 0.9163
  val   Loss: 0.3895 Acc: 0.8678

Epoch 24/30
----------------------------------------
  train Loss: 0.1681 Acc: 0.9273
  val   Loss: 0.4011 Acc: 0.8678

Epoch 25/30
----------------------------------------
  train Loss: 0.1466 Acc: 0.9298
  val   Loss: 0.3895 Acc: 0.8563

Epoch 26/30
----------------------------------------
  train Loss: 0.1788 Acc: 0.9236
  val   Loss: 0.3869 Acc: 0.8678

Epoch 27/30
----------------------------------------
  train Loss: 0.1844 Acc: 0.9286
  val   Loss: 0.3899 Acc: 0.8736

Epoch 28/30
----------------------------------------
  train Loss: 0.1549 Acc: 0.9347
  val   Loss: 0.3926 Acc: 0.8678

Epoch 29/30
----------------------------------------
  train Loss: 0.1577 Acc: 0.9347
  val   Loss: 0.3835 Acc: 0.8621

Epoch 30/30
----------------------------------------
  train Loss: 0.1480 Acc: 0.9397
  val   Loss: 0.3911 Acc: 0.8678

[SELESAI] GM 60% seed=2024 - Best Val Acc: 0.8793
[INFO] Checkpoint disimpan: D:\S2 UMAYAH\TESIS\Pra Penelitian 2\checkpoints\ablation_gmexp_60pct_30ep_seed2024.pth
[INFO] Inferensi: median=15.66 ms (rata-rata=16.19 +/- 2.14 ms, 300 runs, 30 warmup, 1 thread)

============================================================
HASIL EVALUASI
============================================================
  Akurasi      : 0.8793 (87.93%)
  Precision    : 0.8806
  Recall       : 0.8793
  F1-Score     : 0.8788
  Parameter    : 1,152,036
  Ukuran (MB)  : 4.46
  FLOPs        : 159.010 M
  Inferensi    : 15.66 ms (median, std=2.14, n=300)
============================================================

Classification Report:
                     precision    recall  f1-score   support

    Brown_Spot_Rice     0.8421    0.8000    0.8205        20
   Common_Rust_Corn     0.9474    0.9474    0.9474        19
Gray_Leaf_Spot_Corn     0.8947    0.8500    0.8718        20
       Healthy_Corn     0.8636    1.0000    0.9268        19
       Healthy_Rice     0.9500    1.0000    0.9744        19
  Healthy_Sugarcane     0.8000    0.8421    0.8205        19
    Leaf_Blast_Rice     0.8000    0.8000    0.8000        20
   Mosaic_Sugarcane     0.8333    0.7895    0.8108        19
     Rust_Sugarcane     1.0000    0.8947    0.9444        19

           accuracy                         0.8793       174
          macro avg     0.8812    0.8804    0.8796       174
       weighted avg     0.8806    0.8793    0.8788       174

[INFO] Inferensi: median=15.44 ms (rata-rata=15.59 +/- 0.77 ms, 300 runs, 30 warmup, 1 thread)

============================================================
HASIL EVALUASI
============================================================
  Akurasi      : 0.8629 (86.29%)
  Precision    : 0.8667
  Recall       : 0.8629
  F1-Score     : 0.8633
  Parameter    : 1,152,036
  Ukuran (MB)  : 4.46
  FLOPs        : 159.010 M
  Inferensi    : 15.44 ms (median, std=0.77, n=300)
============================================================

Classification Report:
                     precision    recall  f1-score   support

    Brown_Spot_Rice     0.7500    0.7895    0.7692        19
   Common_Rust_Corn     0.9474    0.9474    0.9474        19
Gray_Leaf_Spot_Corn     0.8824    0.7895    0.8333        19
       Healthy_Corn     0.8947    0.8500    0.8718        20
       Healthy_Rice     0.9500    0.9500    0.9500        20
  Healthy_Sugarcane     0.7826    0.9000    0.8372        20
    Leaf_Blast_Rice     0.8333    0.7895    0.8108        19
   Mosaic_Sugarcane     0.8095    0.8947    0.8500        19
     Rust_Sugarcane     0.9444    0.8500    0.8947        20

           accuracy                         0.8629       175
          macro avg     0.8660    0.8623    0.8627       175
       weighted avg     0.8667    0.8629    0.8633       175

[INFO] Hasil sementara disimpan: D:\S2 UMAYAH\TESIS\Pra Penelitian 2\outputs\multiseed_single_criteria_results.json

>>> Run 33/42 | gm 70% seed=123 | Waktu berjalan: 1387.5 menit (23.12 jam)
[Pruning] Rasio: 70%
  Channel total  : 7104
  Channel dipangkas: 4966
  Channel tersisa  : 2138
[TRAIN] 812 gambar, 9 kelas, batch_size=32
[VAL] 174 gambar, 9 kelas, batch_size=32
[TEST] 175 gambar, 9 kelas, batch_size=32

============================================================
GM 70% seed=123 (mask identik di ketiga seed)
============================================================
[INFO] Training GM 70% seed=123 pada cpu, 30 epoch, lr=0.0001

Epoch 1/30
----------------------------------------
  train Loss: 1.6531 Acc: 0.5406
  val   Loss: 1.5605 Acc: 0.4368
  >> Model terbaik diperbarui! Val Acc: 0.4368

Epoch 2/30
----------------------------------------
  train Loss: 0.8992 Acc: 0.6773
  val   Loss: 0.8352 Acc: 0.6954
  >> Model terbaik diperbarui! Val Acc: 0.6954

Epoch 3/30
----------------------------------------
  train Loss: 0.7199 Acc: 0.7241
  val   Loss: 0.7869 Acc: 0.7126
  >> Model terbaik diperbarui! Val Acc: 0.7126

Epoch 4/30
----------------------------------------
  train Loss: 0.6238 Acc: 0.7759
  val   Loss: 0.7755 Acc: 0.7184
  >> Model terbaik diperbarui! Val Acc: 0.7184

Epoch 5/30
----------------------------------------
  train Loss: 0.5714 Acc: 0.7746
  val   Loss: 0.7778 Acc: 0.7011

Epoch 6/30
----------------------------------------
  train Loss: 0.5290 Acc: 0.8079
  val   Loss: 0.7125 Acc: 0.7241
  >> Model terbaik diperbarui! Val Acc: 0.7241

Epoch 7/30
----------------------------------------
  train Loss: 0.4651 Acc: 0.8300
  val   Loss: 0.6399 Acc: 0.7356
  >> Model terbaik diperbarui! Val Acc: 0.7356

Epoch 8/30
----------------------------------------
  train Loss: 0.4823 Acc: 0.7943
  val   Loss: 0.6690 Acc: 0.7644
  >> Model terbaik diperbarui! Val Acc: 0.7644

Epoch 9/30
----------------------------------------
  train Loss: 0.4534 Acc: 0.8030
  val   Loss: 0.5900 Acc: 0.7586

Epoch 10/30
----------------------------------------
  train Loss: 0.3980 Acc: 0.8288
  val   Loss: 0.5845 Acc: 0.7644

Epoch 11/30
----------------------------------------
  train Loss: 0.3528 Acc: 0.8547
  val   Loss: 0.5603 Acc: 0.7931
  >> Model terbaik diperbarui! Val Acc: 0.7931

Epoch 12/30
----------------------------------------
  train Loss: 0.3587 Acc: 0.8547
  val   Loss: 0.5685 Acc: 0.7759

Epoch 13/30
----------------------------------------
  train Loss: 0.3838 Acc: 0.8534
  val   Loss: 0.5716 Acc: 0.7816

Epoch 14/30
----------------------------------------
  train Loss: 0.3412 Acc: 0.8522
  val   Loss: 0.5394 Acc: 0.8046
  >> Model terbaik diperbarui! Val Acc: 0.8046

Epoch 15/30
----------------------------------------
  train Loss: 0.3527 Acc: 0.8596
  val   Loss: 0.5462 Acc: 0.7874

Epoch 16/30
----------------------------------------
  train Loss: 0.3517 Acc: 0.8608
  val   Loss: 0.5477 Acc: 0.7989

Epoch 17/30
----------------------------------------
  train Loss: 0.3425 Acc: 0.8707
  val   Loss: 0.5307 Acc: 0.8046

Epoch 18/30
----------------------------------------
  train Loss: 0.3508 Acc: 0.8658
  val   Loss: 0.5364 Acc: 0.8046

Epoch 19/30
----------------------------------------
  train Loss: 0.3516 Acc: 0.8522
  val   Loss: 0.5447 Acc: 0.7931

Epoch 20/30
----------------------------------------
  train Loss: 0.3528 Acc: 0.8596
  val   Loss: 0.5512 Acc: 0.8103
  >> Model terbaik diperbarui! Val Acc: 0.8103

Epoch 21/30
----------------------------------------
  train Loss: 0.3406 Acc: 0.8682
  val   Loss: 0.5546 Acc: 0.7874

Epoch 22/30
----------------------------------------
  train Loss: 0.3239 Acc: 0.8670D:\S2 UMAYAH\TESIS\Pra Penelitian 2\venv\Lib\site-packages\torch\utils\data\dataloader.py:1102: UserWarning: 'pin_memory' argument is set as true but no accelerator is found, then device pinned memory won't be used.
  super().__init__(loader)
D:\S2 UMAYAH\TESIS\Pra Penelitian 2\venv\Lib\site-packages\torch\utils\data\dataloader.py:1102: UserWarning: 'pin_memory' argument is set as true but no accelerator is found, then device pinned memory won't be used.
  super().__init__(loader)

  val   Loss: 0.5390 Acc: 0.8103

Epoch 23/30
----------------------------------------
  train Loss: 0.3640 Acc: 0.8559
  val   Loss: 0.5453 Acc: 0.8103

Epoch 24/30
----------------------------------------
  train Loss: 0.3819 Acc: 0.8399
  val   Loss: 0.5469 Acc: 0.7931

Epoch 25/30
----------------------------------------
  train Loss: 0.3421 Acc: 0.8510
  val   Loss: 0.5479 Acc: 0.7931

Epoch 26/30
----------------------------------------
  train Loss: 0.3180 Acc: 0.8744
  val   Loss: 0.5195 Acc: 0.8218
  >> Model terbaik diperbarui! Val Acc: 0.8218

Epoch 27/30
----------------------------------------
  train Loss: 0.3103 Acc: 0.8793
  val   Loss: 0.5327 Acc: 0.8103

Epoch 28/30
----------------------------------------
  train Loss: 0.3507 Acc: 0.8596
  val   Loss: 0.5435 Acc: 0.8046

Epoch 29/30
----------------------------------------
  train Loss: 0.3465 Acc: 0.8732
  val   Loss: 0.5214 Acc: 0.8103

Epoch 30/30
----------------------------------------
  train Loss: 0.3424 Acc: 0.8510
  val   Loss: 0.5182 Acc: 0.8103

[SELESAI] GM 70% seed=123 - Best Val Acc: 0.8218
[INFO] Checkpoint disimpan: D:\S2 UMAYAH\TESIS\Pra Penelitian 2\checkpoints\ablation_gmexp_70pct_30ep_seed123.pth
[INFO] Inferensi: median=14.12 ms (rata-rata=14.24 +/- 0.73 ms, 300 runs, 30 warmup, 1 thread)

============================================================
HASIL EVALUASI
============================================================
  Akurasi      : 0.8218 (82.18%)
  Precision    : 0.8280
  Recall       : 0.8218
  F1-Score     : 0.8172
  Parameter    : 971,395
  Ukuran (MB)  : 3.76
  FLOPs        : 131.081 M
  Inferensi    : 14.12 ms (median, std=0.73, n=300)
============================================================

Classification Report:
                     precision    recall  f1-score   support

    Brown_Spot_Rice     0.6923    0.4500    0.5455        20
   Common_Rust_Corn     1.0000    0.9474    0.9730        19
Gray_Leaf_Spot_Corn     0.8889    0.8000    0.8421        20
       Healthy_Corn     0.7619    0.8421    0.8000        19
       Healthy_Rice     0.8636    1.0000    0.9268        19
  Healthy_Sugarcane     0.8889    0.8421    0.8649        19
    Leaf_Blast_Rice     0.6538    0.8500    0.7391        20
   Mosaic_Sugarcane     0.9333    0.7368    0.8235        19
     Rust_Sugarcane     0.7826    0.9474    0.8571        19

           accuracy                         0.8218       174
          macro avg     0.8295    0.8240    0.8191       174
       weighted avg     0.8280    0.8218    0.8172       174

[INFO] Inferensi: median=13.81 ms (rata-rata=13.96 +/- 0.52 ms, 300 runs, 30 warmup, 1 thread)

============================================================
HASIL EVALUASI
============================================================
  Akurasi      : 0.8571 (85.71%)
  Precision    : 0.8575
  Recall       : 0.8571
  F1-Score     : 0.8566
  Parameter    : 971,395
  Ukuran (MB)  : 3.76
  FLOPs        : 131.081 M
  Inferensi    : 13.81 ms (median, std=0.52, n=300)
============================================================

Classification Report:
                     precision    recall  f1-score   support

    Brown_Spot_Rice     0.7647    0.6842    0.7222        19
   Common_Rust_Corn     1.0000    1.0000    1.0000        19
Gray_Leaf_Spot_Corn     0.9474    0.9474    0.9474        19
       Healthy_Corn     0.9474    0.9000    0.9231        20
       Healthy_Rice     0.8571    0.9000    0.8780        20
  Healthy_Sugarcane     0.7143    0.7500    0.7317        20
    Leaf_Blast_Rice     0.8095    0.8947    0.8500        19
   Mosaic_Sugarcane     0.7778    0.7368    0.7568        19
     Rust_Sugarcane     0.9000    0.9000    0.9000        20

           accuracy                         0.8571       175
          macro avg     0.8576    0.8570    0.8566       175
       weighted avg     0.8575    0.8571    0.8566       175

[INFO] Hasil sementara disimpan: D:\S2 UMAYAH\TESIS\Pra Penelitian 2\outputs\multiseed_single_criteria_results.json

>>> Run 34/42 | gm 70% seed=2024 | Waktu berjalan: 1421.9 menit (23.70 jam)
[TRAIN] 812 gambar, 9 kelas, batch_size=32
[VAL] 174 gambar, 9 kelas, batch_size=32
[TEST] 175 gambar, 9 kelas, batch_size=32

============================================================
GM 70% seed=2024 (mask identik di ketiga seed)
============================================================
[INFO] Training GM 70% seed=2024 pada cpu, 30 epoch, lr=0.0001

Epoch 1/30
----------------------------------------
  train Loss: 1.7191 Acc: 0.5111
  val   Loss: 1.5800 Acc: 0.4655
  >> Model terbaik diperbarui! Val Acc: 0.4655

Epoch 2/30
----------------------------------------
  train Loss: 0.8605 Acc: 0.6798
  val   Loss: 0.9419 Acc: 0.6552
  >> Model terbaik diperbarui! Val Acc: 0.6552

Epoch 3/30
----------------------------------------
  train Loss: 0.7397 Acc: 0.7143
  val   Loss: 0.7878 Acc: 0.7069
  >> Model terbaik diperbarui! Val Acc: 0.7069

Epoch 4/30
----------------------------------------
  train Loss: 0.6650 Acc: 0.7463
  val   Loss: 0.7304 Acc: 0.7069

Epoch 5/30
----------------------------------------
  train Loss: 0.5845 Acc: 0.7759
  val   Loss: 0.7051 Acc: 0.7414
  >> Model terbaik diperbarui! Val Acc: 0.7414

Epoch 6/30
----------------------------------------
  train Loss: 0.5366 Acc: 0.7882
  val   Loss: 0.7137 Acc: 0.7414

Epoch 7/30
----------------------------------------
  train Loss: 0.5146 Acc: 0.7869
  val   Loss: 0.6562 Acc: 0.7414

Epoch 8/30
----------------------------------------
  train Loss: 0.4076 Acc: 0.8362
  val   Loss: 0.6004 Acc: 0.7586
  >> Model terbaik diperbarui! Val Acc: 0.7586

Epoch 9/30
----------------------------------------
  train Loss: 0.4364 Acc: 0.8227
  val   Loss: 0.6110 Acc: 0.7816
  >> Model terbaik diperbarui! Val Acc: 0.7816

Epoch 10/30
----------------------------------------
  train Loss: 0.4176 Acc: 0.8288
  val   Loss: 0.5732 Acc: 0.7816

Epoch 11/30
----------------------------------------
  train Loss: 0.3710 Acc: 0.8461
  val   Loss: 0.5662 Acc: 0.7874
  >> Model terbaik diperbarui! Val Acc: 0.7874

Epoch 12/30
----------------------------------------
  train Loss: 0.3746 Acc: 0.8399
  val   Loss: 0.5537 Acc: 0.7931
  >> Model terbaik diperbarui! Val Acc: 0.7931

Epoch 13/30
----------------------------------------
  train Loss: 0.3945 Acc: 0.8448
  val   Loss: 0.5688 Acc: 0.7759

Epoch 14/30
----------------------------------------
  train Loss: 0.4035 Acc: 0.8374
  val   Loss: 0.5478 Acc: 0.7931

Epoch 15/30
----------------------------------------
  train Loss: 0.3349 Acc: 0.8621
  val   Loss: 0.5272 Acc: 0.7931

Epoch 16/30
----------------------------------------
  train Loss: 0.3589 Acc: 0.8534
  val   Loss: 0.5260 Acc: 0.7989
  >> Model terbaik diperbarui! Val Acc: 0.7989

Epoch 17/30
----------------------------------------
  train Loss: 0.3728 Acc: 0.8670
  val   Loss: 0.5416 Acc: 0.7874

Epoch 18/30
----------------------------------------
  train Loss: 0.3391 Acc: 0.8571
  val   Loss: 0.5352 Acc: 0.7989

Epoch 19/30
----------------------------------------
  train Loss: 0.3559 Acc: 0.8608
  val   Loss: 0.5335 Acc: 0.7989

Epoch 20/30
----------------------------------------
  train Loss: 0.3031 Acc: 0.8756
  val   Loss: 0.5238 Acc: 0.7989

Epoch 21/30
----------------------------------------
  train Loss: 0.3590 Acc: 0.8645
  val   Loss: 0.5368 Acc: 0.7874

Epoch 22/30
----------------------------------------
  train Loss: 0.3226 Acc: 0.8571
  val   Loss: 0.5393 Acc: 0.7874

Epoch 23/30
----------------------------------------
  train Loss: 0.3366 Acc: 0.8645
  val   Loss: 0.5343 Acc: 0.7989

Epoch 24/30
----------------------------------------
  train Loss: 0.3448 Acc: 0.8608
  val   Loss: 0.5248 Acc: 0.7989

Epoch 25/30
----------------------------------------
  train Loss: 0.3455 Acc: 0.8485
  val   Loss: 0.5502 Acc: 0.7931

Epoch 26/30
----------------------------------------
  train Loss: 0.3594 Acc: 0.8571D:\S2 UMAYAH\TESIS\Pra Penelitian 2\venv\Lib\site-packages\torch\utils\data\dataloader.py:1102: UserWarning: 'pin_memory' argument is set as true but no accelerator is found, then device pinned memory won't be used.
  super().__init__(loader)
D:\S2 UMAYAH\TESIS\Pra Penelitian 2\venv\Lib\site-packages\torch\utils\data\dataloader.py:1102: UserWarning: 'pin_memory' argument is set as true but no accelerator is found, then device pinned memory won't be used.
  super().__init__(loader)

  val   Loss: 0.5118 Acc: 0.8103
  >> Model terbaik diperbarui! Val Acc: 0.8103

Epoch 27/30
----------------------------------------
  train Loss: 0.3501 Acc: 0.8522
  val   Loss: 0.5134 Acc: 0.7989

Epoch 28/30
----------------------------------------
  train Loss: 0.3335 Acc: 0.8584
  val   Loss: 0.5221 Acc: 0.8103

Epoch 29/30
----------------------------------------
  train Loss: 0.3525 Acc: 0.8534
  val   Loss: 0.5211 Acc: 0.8046

Epoch 30/30
----------------------------------------
  train Loss: 0.3399 Acc: 0.8682
  val   Loss: 0.5167 Acc: 0.7989

[SELESAI] GM 70% seed=2024 - Best Val Acc: 0.8103
[INFO] Checkpoint disimpan: D:\S2 UMAYAH\TESIS\Pra Penelitian 2\checkpoints\ablation_gmexp_70pct_30ep_seed2024.pth
[INFO] Inferensi: median=13.93 ms (rata-rata=14.26 +/- 1.15 ms, 300 runs, 30 warmup, 1 thread)

============================================================
HASIL EVALUASI
============================================================
  Akurasi      : 0.8103 (81.03%)
  Precision    : 0.8110
  Recall       : 0.8103
  F1-Score     : 0.8087
  Parameter    : 971,395
  Ukuran (MB)  : 3.76
  FLOPs        : 131.081 M
  Inferensi    : 13.93 ms (median, std=1.15, n=300)
============================================================

Classification Report:
                     precision    recall  f1-score   support

    Brown_Spot_Rice     0.7059    0.6000    0.6486        20
   Common_Rust_Corn     1.0000    0.9474    0.9730        19
Gray_Leaf_Spot_Corn     0.8333    0.7500    0.7895        20
       Healthy_Corn     0.8000    0.8421    0.8205        19
       Healthy_Rice     0.8636    1.0000    0.9268        19
  Healthy_Sugarcane     0.8000    0.8421    0.8205        19
    Leaf_Blast_Rice     0.6957    0.8000    0.7442        20
   Mosaic_Sugarcane     0.7222    0.6842    0.7027        19
     Rust_Sugarcane     0.8889    0.8421    0.8649        19

           accuracy                         0.8103       174
          macro avg     0.8122    0.8120    0.8101       174
       weighted avg     0.8110    0.8103    0.8087       174

[INFO] Inferensi: median=13.88 ms (rata-rata=14.31 +/- 1.05 ms, 300 runs, 30 warmup, 1 thread)

============================================================
HASIL EVALUASI
============================================================
  Akurasi      : 0.8343 (83.43%)
  Precision    : 0.8415
  Recall       : 0.8343
  F1-Score     : 0.8350
  Parameter    : 971,395
  Ukuran (MB)  : 3.76
  FLOPs        : 131.081 M
  Inferensi    : 13.88 ms (median, std=1.05, n=300)
============================================================

Classification Report:
                     precision    recall  f1-score   support

    Brown_Spot_Rice     0.7368    0.7368    0.7368        19
   Common_Rust_Corn     1.0000    1.0000    1.0000        19
Gray_Leaf_Spot_Corn     0.9000    0.9474    0.9231        19
       Healthy_Corn     0.9474    0.9000    0.9231        20
       Healthy_Rice     0.8182    0.9000    0.8571        20
  Healthy_Sugarcane     0.6400    0.8000    0.7111        20
    Leaf_Blast_Rice     0.8889    0.8421    0.8649        19
   Mosaic_Sugarcane     0.7059    0.6316    0.6667        19
     Rust_Sugarcane     0.9375    0.7500    0.8333        20

           accuracy                         0.8343       175
          macro avg     0.8416    0.8342    0.8351       175
       weighted avg     0.8415    0.8343    0.8350       175

[INFO] Hasil sementara disimpan: D:\S2 UMAYAH\TESIS\Pra Penelitian 2\outputs\multiseed_single_criteria_results.json

>>> Run 35/42 | entropy 10% seed=123 | Waktu berjalan: 1456.7 menit (24.28 jam)
[Pruning] Rasio: 10%
  Channel total  : 7104
  Channel dipangkas: 705
  Channel tersisa  : 6399
[TRAIN] 812 gambar, 9 kelas, batch_size=32
[VAL] 174 gambar, 9 kelas, batch_size=32
[TEST] 175 gambar, 9 kelas, batch_size=32

============================================================
ENTROPY 10% seed=123 (mask identik di ketiga seed)
============================================================
[INFO] Training ENTROPY 10% seed=123 pada cpu, 30 epoch, lr=0.0001

Epoch 1/30
----------------------------------------
  train Loss: 0.1011 Acc: 0.9520
  val   Loss: 0.3092 Acc: 0.8851
  >> Model terbaik diperbarui! Val Acc: 0.8851

Epoch 2/30
----------------------------------------
  train Loss: 0.0597 Acc: 0.9643
  val   Loss: 0.2679 Acc: 0.9138
  >> Model terbaik diperbarui! Val Acc: 0.9138

Epoch 3/30
----------------------------------------
  train Loss: 0.0724 Acc: 0.9606
  val   Loss: 0.3157 Acc: 0.9253
  >> Model terbaik diperbarui! Val Acc: 0.9253

Epoch 4/30
----------------------------------------
  train Loss: 0.0663 Acc: 0.9618
  val   Loss: 0.3608 Acc: 0.9138

Epoch 5/30
----------------------------------------
  train Loss: 0.0413 Acc: 0.9692
  val   Loss: 0.3397 Acc: 0.9195

Epoch 6/30
----------------------------------------
  train Loss: 0.0572 Acc: 0.9643
  val   Loss: 0.3175 Acc: 0.9253

Epoch 7/30
----------------------------------------
  train Loss: 0.0441 Acc: 0.9655
  val   Loss: 0.3406 Acc: 0.9253

Epoch 8/30
----------------------------------------
  train Loss: 0.0418 Acc: 0.9704
  val   Loss: 0.3475 Acc: 0.9310
  >> Model terbaik diperbarui! Val Acc: 0.9310

Epoch 9/30
----------------------------------------
  train Loss: 0.0369 Acc: 0.9729
  val   Loss: 0.3746 Acc: 0.9080

Epoch 10/30
----------------------------------------
  train Loss: 0.0262 Acc: 0.9778
  val   Loss: 0.3512 Acc: 0.9310

Epoch 11/30
----------------------------------------
  train Loss: 0.0159 Acc: 0.9815
  val   Loss: 0.3450 Acc: 0.9253

Epoch 12/30
----------------------------------------
  train Loss: 0.0210 Acc: 0.9778
  val   Loss: 0.3485 Acc: 0.9368
  >> Model terbaik diperbarui! Val Acc: 0.9368

Epoch 13/30
----------------------------------------
  train Loss: 0.0274 Acc: 0.9766
  val   Loss: 0.3414 Acc: 0.9253

Epoch 14/30
----------------------------------------
  train Loss: 0.0325 Acc: 0.9741
  val   Loss: 0.3522 Acc: 0.9253

Epoch 15/30
----------------------------------------
  train Loss: 0.0226 Acc: 0.9815
  val   Loss: 0.3315 Acc: 0.9425
  >> Model terbaik diperbarui! Val Acc: 0.9425

Epoch 16/30
----------------------------------------
  train Loss: 0.0239 Acc: 0.9754
  val   Loss: 0.3379 Acc: 0.9425

Epoch 17/30
----------------------------------------
  train Loss: 0.0260 Acc: 0.9778
  val   Loss: 0.3411 Acc: 0.9195

Epoch 18/30
----------------------------------------
  train Loss: 0.0360 Acc: 0.9741
  val   Loss: 0.3426 Acc: 0.9310

Epoch 19/30
----------------------------------------
  train Loss: 0.0240 Acc: 0.9766
  val   Loss: 0.3317 Acc: 0.9195

Epoch 20/30
----------------------------------------
  train Loss: 0.0206 Acc: 0.9791
  val   Loss: 0.3234 Acc: 0.9368

Epoch 21/30
----------------------------------------
  train Loss: 0.0228 Acc: 0.9803
  val   Loss: 0.3302 Acc: 0.9195

Epoch 22/30
----------------------------------------
  train Loss: 0.0184 Acc: 0.9815
  val   Loss: 0.3298 Acc: 0.9310

Epoch 23/30
----------------------------------------
  train Loss: 0.0142 Acc: 0.9828
  val   Loss: 0.3411 Acc: 0.9253

Epoch 24/30
----------------------------------------
  train Loss: 0.0282 Acc: 0.9803
  val   Loss: 0.3202 Acc: 0.9253

Epoch 25/30
----------------------------------------
  train Loss: 0.0184 Acc: 0.9815
  val   Loss: 0.3362 Acc: 0.9310

Epoch 26/30
----------------------------------------
  train Loss: 0.0219 Acc: 0.9778
  val   Loss: 0.3319 Acc: 0.9425

Epoch 27/30
----------------------------------------
  train Loss: 0.0243 Acc: 0.9778
  val   Loss: 0.3298 Acc: 0.9368

Epoch 28/30
----------------------------------------
  train Loss: 0.0169 Acc: 0.9828
  val   Loss: 0.3300 Acc: 0.9310

Epoch 29/30
----------------------------------------
  train Loss: 0.0201 Acc: 0.9803
  val   Loss: 0.3335 Acc: 0.9425

Epoch 30/30
----------------------------------------
  train Loss: 0.0286 Acc: 0.9766
  val   Loss: 0.3389 Acc: 0.9368D:\S2 UMAYAH\TESIS\Pra Penelitian 2\venv\Lib\site-packages\torch\utils\data\dataloader.py:1102: UserWarning: 'pin_memory' argument is set as true but no accelerator is found, then device pinned memory won't be used.
  super().__init__(loader)
D:\S2 UMAYAH\TESIS\Pra Penelitian 2\venv\Lib\site-packages\torch\utils\data\dataloader.py:1102: UserWarning: 'pin_memory' argument is set as true but no accelerator is found, then device pinned memory won't be used.
  super().__init__(loader)


[SELESAI] ENTROPY 10% seed=123 - Best Val Acc: 0.9425
[INFO] Checkpoint disimpan: D:\S2 UMAYAH\TESIS\Pra Penelitian 2\checkpoints\ablation_entropy_10pct_30ep_traincal_seed123.pth
[INFO] Inferensi: median=34.03 ms (rata-rata=34.83 +/- 4.74 ms, 300 runs, 30 warmup, 1 thread)

============================================================
HASIL EVALUASI
============================================================
  Akurasi      : 0.9425 (94.25%)
  Precision    : 0.9442
  Recall       : 0.9425
  F1-Score     : 0.9423
  Parameter    : 2,055,492
  Ukuran (MB)  : 7.96
  FLOPs        : 298.766 M
  Inferensi    : 34.03 ms (median, std=4.74, n=300)
============================================================

Classification Report:
                     precision    recall  f1-score   support

    Brown_Spot_Rice     0.8636    0.9500    0.9048        20
   Common_Rust_Corn     1.0000    0.9474    0.9730        19
Gray_Leaf_Spot_Corn     1.0000    1.0000    1.0000        20
       Healthy_Corn     1.0000    1.0000    1.0000        19
       Healthy_Rice     0.9500    1.0000    0.9744        19
  Healthy_Sugarcane     0.8947    0.8947    0.8947        19
    Leaf_Blast_Rice     0.9412    0.8000    0.8649        20
   Mosaic_Sugarcane     0.8500    0.8947    0.8718        19
     Rust_Sugarcane     1.0000    1.0000    1.0000        19

           accuracy                         0.9425       174
          macro avg     0.9444    0.9430    0.9426       174
       weighted avg     0.9442    0.9425    0.9423       174

[INFO] Inferensi: median=33.03 ms (rata-rata=33.66 +/- 3.46 ms, 300 runs, 30 warmup, 1 thread)

============================================================
HASIL EVALUASI
============================================================
  Akurasi      : 0.9429 (94.29%)
  Precision    : 0.9476
  Recall       : 0.9429
  F1-Score     : 0.9432
  Parameter    : 2,055,492
  Ukuran (MB)  : 7.96
  FLOPs        : 298.766 M
  Inferensi    : 33.03 ms (median, std=3.46, n=300)
============================================================

Classification Report:
                     precision    recall  f1-score   support

    Brown_Spot_Rice     0.7727    0.8947    0.8293        19
   Common_Rust_Corn     1.0000    1.0000    1.0000        19
Gray_Leaf_Spot_Corn     1.0000    0.9474    0.9730        19
       Healthy_Corn     0.9524    1.0000    0.9756        20
       Healthy_Rice     0.9048    0.9500    0.9268        20
  Healthy_Sugarcane     0.9500    0.9500    0.9500        20
    Leaf_Blast_Rice     1.0000    0.7895    0.8824        19
   Mosaic_Sugarcane     0.9474    0.9474    0.9474        19
     Rust_Sugarcane     1.0000    1.0000    1.0000        20

           accuracy                         0.9429       175
          macro avg     0.9475    0.9421    0.9427       175
       weighted avg     0.9476    0.9429    0.9432       175

[INFO] Hasil sementara disimpan: D:\S2 UMAYAH\TESIS\Pra Penelitian 2\outputs\multiseed_single_criteria_results.json

>>> Run 36/42 | entropy 10% seed=2024 | Waktu berjalan: 1520.1 menit (25.33 jam)
[TRAIN] 812 gambar, 9 kelas, batch_size=32
[VAL] 174 gambar, 9 kelas, batch_size=32
[TEST] 175 gambar, 9 kelas, batch_size=32

============================================================
ENTROPY 10% seed=2024 (mask identik di ketiga seed)
============================================================
[INFO] Training ENTROPY 10% seed=2024 pada cpu, 30 epoch, lr=0.0001

Epoch 1/30
----------------------------------------
  train Loss: 0.1184 Acc: 0.9520
  val   Loss: 0.3276 Acc: 0.8966
  >> Model terbaik diperbarui! Val Acc: 0.8966

Epoch 2/30
----------------------------------------
  train Loss: 0.0675 Acc: 0.9655
  val   Loss: 0.3133 Acc: 0.9253
  >> Model terbaik diperbarui! Val Acc: 0.9253

Epoch 3/30
----------------------------------------
  train Loss: 0.0879 Acc: 0.9557
  val   Loss: 0.2799 Acc: 0.9368
  >> Model terbaik diperbarui! Val Acc: 0.9368

Epoch 4/30
----------------------------------------
  train Loss: 0.0590 Acc: 0.9655
  val   Loss: 0.2574 Acc: 0.9310

Epoch 5/30
----------------------------------------
  train Loss: 0.0461 Acc: 0.9680
  val   Loss: 0.2950 Acc: 0.9425
  >> Model terbaik diperbarui! Val Acc: 0.9425

Epoch 6/30
----------------------------------------
  train Loss: 0.0396 Acc: 0.9766
  val   Loss: 0.3216 Acc: 0.9310

Epoch 7/30
----------------------------------------
  train Loss: 0.0402 Acc: 0.9729
  val   Loss: 0.2794 Acc: 0.9483
  >> Model terbaik diperbarui! Val Acc: 0.9483

Epoch 8/30
----------------------------------------
  train Loss: 0.0593 Acc: 0.9643
  val   Loss: 0.3342 Acc: 0.9195

Epoch 9/30
----------------------------------------
  train Loss: 0.0364 Acc: 0.9692
  val   Loss: 0.3313 Acc: 0.9253

Epoch 10/30
----------------------------------------
  train Loss: 0.0196 Acc: 0.9791
  val   Loss: 0.3653 Acc: 0.9425

Epoch 11/30
----------------------------------------
  train Loss: 0.0230 Acc: 0.9791
  val   Loss: 0.3445 Acc: 0.9368

Epoch 12/30
----------------------------------------
  train Loss: 0.0267 Acc: 0.9729
  val   Loss: 0.3540 Acc: 0.9425

Epoch 13/30
----------------------------------------
  train Loss: 0.0180 Acc: 0.9803
  val   Loss: 0.3570 Acc: 0.9368

Epoch 14/30
----------------------------------------
  train Loss: 0.0352 Acc: 0.9791
  val   Loss: 0.3456 Acc: 0.9310

Epoch 15/30
----------------------------------------
  train Loss: 0.0406 Acc: 0.9717
  val   Loss: 0.3583 Acc: 0.9310

Epoch 16/30
----------------------------------------
  train Loss: 0.0202 Acc: 0.9778
  val   Loss: 0.3461 Acc: 0.9310

Epoch 17/30
----------------------------------------
  train Loss: 0.0246 Acc: 0.9791
  val   Loss: 0.3584 Acc: 0.9253

Epoch 18/30
----------------------------------------
  train Loss: 0.0198 Acc: 0.9803
  val   Loss: 0.3583 Acc: 0.9368

Epoch 19/30
----------------------------------------
  train Loss: 0.0247 Acc: 0.9791
  val   Loss: 0.3562 Acc: 0.9368

Epoch 20/30
----------------------------------------
  train Loss: 0.0286 Acc: 0.9729
  val   Loss: 0.3514 Acc: 0.9425

Epoch 21/30
----------------------------------------
  train Loss: 0.0269 Acc: 0.9791
  val   Loss: 0.3443 Acc: 0.9368

Epoch 22/30
----------------------------------------
  train Loss: 0.0142 Acc: 0.9815
  val   Loss: 0.3478 Acc: 0.9368

Epoch 23/30
----------------------------------------
  train Loss: 0.0228 Acc: 0.9766
  val   Loss: 0.3517 Acc: 0.9425

Epoch 24/30
----------------------------------------
  train Loss: 0.0218 Acc: 0.9766
  val   Loss: 0.3470 Acc: 0.9368

Epoch 25/30
----------------------------------------
  train Loss: 0.0186 Acc: 0.9803
  val   Loss: 0.3507 Acc: 0.9368

Epoch 26/30
----------------------------------------
  train Loss: 0.0236 Acc: 0.9828
  val   Loss: 0.3565 Acc: 0.9368

Epoch 27/30
----------------------------------------
  train Loss: 0.0234 Acc: 0.9778
  val   Loss: 0.3506 Acc: 0.9425

Epoch 28/30
----------------------------------------
  train Loss: 0.0161 Acc: 0.9778
  val   Loss: 0.3470 Acc: 0.9425

Epoch 29/30
----------------------------------------
  train Loss: 0.0222 Acc: 0.9778
  val   Loss: 0.3502 Acc: 0.9368

Epoch 30/30
----------------------------------------
  train Loss: 0.0223 Acc: 0.9791
  val   Loss: 0.3503 Acc: 0.9368

[SELESAI] ENTROPY 10% seed=2024 - Best Val Acc: 0.9483
[INFO] Checkpoint disimpan: D:\S2 UMAYAH\TESIS\Pra Penelitian 2\checkpoints\ablation_entropy_10pct_30ep_traincal_seed2024.pth
[INFO] Inferensi: median=26.83 ms (rata-rata=27.27 +/- 2.39 ms, 300 runs, 30 warmup, 1 thread)

============================================================
HASIL EVALUASI
============================================================
  Akurasi      : 0.9483 (94.83%)
  Precision    : 0.9495
  Recall       : 0.9483
  F1-Score     : 0.9477
  Parameter    : 2,055,492
  Ukuran (MB)  : 7.96
  FLOPs        : 298.766 M
  Inferensi    : 26.83 ms (median, std=2.39, n=300)
============================================================D:\S2 UMAYAH\TESIS\Pra Penelitian 2\venv\Lib\site-packages\torch\utils\data\dataloader.py:1102: UserWarning: 'pin_memory' argument is set as true but no accelerator is found, then device pinned memory won't be used.
  super().__init__(loader)
D:\S2 UMAYAH\TESIS\Pra Penelitian 2\venv\Lib\site-packages\torch\utils\data\dataloader.py:1102: UserWarning: 'pin_memory' argument is set as true but no accelerator is found, then device pinned memory won't be used.
  super().__init__(loader)


Classification Report:
                     precision    recall  f1-score   support

    Brown_Spot_Rice     0.8571    0.9000    0.8780        20
   Common_Rust_Corn     1.0000    1.0000    1.0000        19
Gray_Leaf_Spot_Corn     1.0000    0.9500    0.9744        20
       Healthy_Corn     0.9500    1.0000    0.9744        19
       Healthy_Rice     0.9048    1.0000    0.9500        19
  Healthy_Sugarcane     0.9474    0.9474    0.9474        19
    Leaf_Blast_Rice     0.9412    0.8000    0.8649        20
   Mosaic_Sugarcane     0.9474    0.9474    0.9474        19
     Rust_Sugarcane     1.0000    1.0000    1.0000        19

           accuracy                         0.9483       174
          macro avg     0.9498    0.9494    0.9485       174
       weighted avg     0.9495    0.9483    0.9477       174

[INFO] Inferensi: median=33.39 ms (rata-rata=40.19 +/- 18.31 ms, 300 runs, 30 warmup, 1 thread)

============================================================
HASIL EVALUASI
============================================================
  Akurasi      : 0.9429 (94.29%)
  Precision    : 0.9480
  Recall       : 0.9429
  F1-Score     : 0.9433
  Parameter    : 2,055,492
  Ukuran (MB)  : 7.96
  FLOPs        : 298.766 M
  Inferensi    : 33.39 ms (median, std=18.31, n=300)
============================================================

Classification Report:
                     precision    recall  f1-score   support

    Brown_Spot_Rice     0.7727    0.8947    0.8293        19
   Common_Rust_Corn     1.0000    1.0000    1.0000        19
Gray_Leaf_Spot_Corn     1.0000    1.0000    1.0000        19
       Healthy_Corn     1.0000    1.0000    1.0000        20
       Healthy_Rice     0.8636    0.9500    0.9048        20
  Healthy_Sugarcane     0.9500    0.9500    0.9500        20
    Leaf_Blast_Rice     1.0000    0.7895    0.8824        19
   Mosaic_Sugarcane     0.9444    0.8947    0.9189        19
     Rust_Sugarcane     1.0000    1.0000    1.0000        20

           accuracy                         0.9429       175
          macro avg     0.9479    0.9421    0.9428       175
       weighted avg     0.9480    0.9429    0.9433       175

[INFO] Hasil sementara disimpan: D:\S2 UMAYAH\TESIS\Pra Penelitian 2\outputs\multiseed_single_criteria_results.json

>>> Run 37/42 | entropy 20% seed=123 | Waktu berjalan: 1580.5 menit (26.34 jam)
[Pruning] Rasio: 20%
  Channel total  : 7104
  Channel dipangkas: 1414
  Channel tersisa  : 5690
[TRAIN] 812 gambar, 9 kelas, batch_size=32
[VAL] 174 gambar, 9 kelas, batch_size=32
[TEST] 175 gambar, 9 kelas, batch_size=32

============================================================
ENTROPY 20% seed=123 (mask identik di ketiga seed)
============================================================
[INFO] Training ENTROPY 20% seed=123 pada cpu, 30 epoch, lr=0.0001

Epoch 1/30
----------------------------------------
  train Loss: 0.1843 Acc: 0.9187
  val   Loss: 0.3111 Acc: 0.8966
  >> Model terbaik diperbarui! Val Acc: 0.8966

Epoch 2/30
----------------------------------------
  train Loss: 0.0967 Acc: 0.9581
  val   Loss: 0.2981 Acc: 0.9138
  >> Model terbaik diperbarui! Val Acc: 0.9138

Epoch 3/30
----------------------------------------
  train Loss: 0.0758 Acc: 0.9581
  val   Loss: 0.2851 Acc: 0.9138

Epoch 4/30
----------------------------------------
  train Loss: 0.0670 Acc: 0.9667
  val   Loss: 0.3163 Acc: 0.9195
  >> Model terbaik diperbarui! Val Acc: 0.9195

Epoch 5/30
----------------------------------------
  train Loss: 0.0557 Acc: 0.9692
  val   Loss: 0.2917 Acc: 0.9253
  >> Model terbaik diperbarui! Val Acc: 0.9253

Epoch 6/30
----------------------------------------
  train Loss: 0.0555 Acc: 0.9692
  val   Loss: 0.3187 Acc: 0.9080

Epoch 7/30
----------------------------------------
  train Loss: 0.0432 Acc: 0.9717
  val   Loss: 0.3164 Acc: 0.9253

Epoch 8/30
----------------------------------------
  train Loss: 0.0444 Acc: 0.9704
  val   Loss: 0.3648 Acc: 0.9310
  >> Model terbaik diperbarui! Val Acc: 0.9310

Epoch 9/30
----------------------------------------
  train Loss: 0.0349 Acc: 0.9754
  val   Loss: 0.3700 Acc: 0.9368
  >> Model terbaik diperbarui! Val Acc: 0.9368

Epoch 10/30
----------------------------------------
  train Loss: 0.0511 Acc: 0.9680
  val   Loss: 0.3836 Acc: 0.9195

Epoch 11/30
----------------------------------------
  train Loss: 0.0480 Acc: 0.9704
  val   Loss: 0.3698 Acc: 0.9195

Epoch 12/30
----------------------------------------
  train Loss: 0.0286 Acc: 0.9791
  val   Loss: 0.3751 Acc: 0.9310

Epoch 13/30
----------------------------------------
  train Loss: 0.0258 Acc: 0.9791
  val   Loss: 0.3682 Acc: 0.9368

Epoch 14/30
----------------------------------------
  train Loss: 0.0378 Acc: 0.9766
  val   Loss: 0.3657 Acc: 0.9253

Epoch 15/30
----------------------------------------
  train Loss: 0.0218 Acc: 0.9803
  val   Loss: 0.3718 Acc: 0.9195

Epoch 16/30
----------------------------------------
  train Loss: 0.0443 Acc: 0.9717
  val   Loss: 0.3708 Acc: 0.9253

Epoch 17/30
----------------------------------------
  train Loss: 0.0192 Acc: 0.9803
  val   Loss: 0.3786 Acc: 0.9253

Epoch 18/30
----------------------------------------
  train Loss: 0.0183 Acc: 0.9803
  val   Loss: 0.3752 Acc: 0.9310

Epoch 19/30
----------------------------------------
  train Loss: 0.0174 Acc: 0.9815
  val   Loss: 0.3769 Acc: 0.9253

Epoch 20/30
----------------------------------------
  train Loss: 0.0249 Acc: 0.9778
  val   Loss: 0.3791 Acc: 0.9310

Epoch 21/30
----------------------------------------
  train Loss: 0.0257 Acc: 0.9778
  val   Loss: 0.3823 Acc: 0.9253

Epoch 22/30
----------------------------------------
  train Loss: 0.0308 Acc: 0.9741
  val   Loss: 0.3754 Acc: 0.9310

Epoch 23/30
----------------------------------------
  train Loss: 0.0280 Acc: 0.9791
  val   Loss: 0.3823 Acc: 0.9253

Epoch 24/30
----------------------------------------
  train Loss: 0.0345 Acc: 0.9729
  val   Loss: 0.3747 Acc: 0.9310

Epoch 25/30
----------------------------------------
  train Loss: 0.0294 Acc: 0.9754
  val   Loss: 0.3719 Acc: 0.9253

Epoch 26/30
----------------------------------------
  train Loss: 0.0314 Acc: 0.9766
  val   Loss: 0.3814 Acc: 0.9253

Epoch 27/30
----------------------------------------
  train Loss: 0.0251 Acc: 0.9803
  val   Loss: 0.3754 Acc: 0.9253

Epoch 28/30
----------------------------------------
  train Loss: 0.0272 Acc: 0.9766
  val   Loss: 0.3710 Acc: 0.9195

Epoch 29/30
----------------------------------------
  train Loss: 0.0231 Acc: 0.9803
  val   Loss: 0.3751 Acc: 0.9253

Epoch 30/30
----------------------------------------
  train Loss: 0.0255 Acc: 0.9778
  val   Loss: 0.3750 Acc: 0.9253

[SELESAI] ENTROPY 20% seed=123 - Best Val Acc: 0.9368
[INFO] Checkpoint disimpan: D:\S2 UMAYAH\TESIS\Pra Penelitian 2\checkpoints\ablation_entropy_20pct_30ep_traincal_seed123.pth
[INFO] Inferensi: median=25.02 ms (rata-rata=27.85 +/- 5.63 ms, 300 runs, 30 warmup, 1 thread)

============================================================
HASIL EVALUASI
============================================================
  Akurasi      : 0.9368 (93.68%)
  Precision    : 0.9387
  Recall       : 0.9368
  F1-Score     : 0.9364
  Parameter    : 1,874,851
  Ukuran (MB)  : 7.26
  FLOPs        : 270.837 M
  Inferensi    : 25.02 ms (median, std=5.63, n=300)
============================================================

Classification Report:
                     precision    recall  f1-score   support

    Brown_Spot_Rice     0.8636    0.9500    0.9048        20
   Common_Rust_Corn     1.0000    0.9474    0.9730        19
Gray_Leaf_Spot_Corn     0.9500    0.9500    0.9500        20
       Healthy_Corn     0.9048    1.0000    0.9500        19
       Healthy_Rice     0.9474    0.9474    0.9474        19
  Healthy_Sugarcane     0.9444    0.8947    0.9189        19
    Leaf_Blast_Rice     0.9412    0.8000    0.8649        20
   Mosaic_Sugarcane     0.9000    0.9474    0.9231        19
     Rust_Sugarcane     1.0000    1.0000    1.0000        19

           accuracy                         0.9368       174
          macro avg     0.9390    0.9374    0.9369       174
       weighted avg     0.9387    0.9368    0.9364       174
D:\S2 UMAYAH\TESIS\Pra Penelitian 2\venv\Lib\site-packages\torch\utils\data\dataloader.py:1102: UserWarning: 'pin_memory' argument is set as true but no accelerator is found, then device pinned memory won't be used.
  super().__init__(loader)
D:\S2 UMAYAH\TESIS\Pra Penelitian 2\venv\Lib\site-packages\torch\utils\data\dataloader.py:1102: UserWarning: 'pin_memory' argument is set as true but no accelerator is found, then device pinned memory won't be used.
  super().__init__(loader)
D:\S2 UMAYAH\TESIS\Pra Penelitian 2\venv\Lib\site-packages\torch\utils\data\dataloader.py:1102: UserWarning: 'pin_memory' argument is set as true but no accelerator is found, then device pinned memory won't be used.
  super().__init__(loader)

[INFO] Inferensi: median=25.15 ms (rata-rata=26.32 +/- 2.87 ms, 300 runs, 30 warmup, 1 thread)

============================================================
HASIL EVALUASI
============================================================
  Akurasi      : 0.9543 (95.43%)
  Precision    : 0.9591
  Recall       : 0.9543
  F1-Score     : 0.9542
  Parameter    : 1,874,851
  Ukuran (MB)  : 7.26
  FLOPs        : 270.837 M
  Inferensi    : 25.15 ms (median, std=2.87, n=300)
============================================================

Classification Report:
                     precision    recall  f1-score   support

    Brown_Spot_Rice     0.8636    1.0000    0.9268        19
   Common_Rust_Corn     0.9500    1.0000    0.9744        19
Gray_Leaf_Spot_Corn     1.0000    1.0000    1.0000        19
       Healthy_Corn     1.0000    1.0000    1.0000        20
       Healthy_Rice     0.9500    0.9500    0.9500        20
  Healthy_Sugarcane     0.8696    1.0000    0.9302        20
    Leaf_Blast_Rice     1.0000    0.8947    0.9444        19
   Mosaic_Sugarcane     1.0000    0.8421    0.9143        19
     Rust_Sugarcane     1.0000    0.9000    0.9474        20

           accuracy                         0.9543       175
          macro avg     0.9592    0.9541    0.9542       175
       weighted avg     0.9591    0.9543    0.9542       175

[INFO] Hasil sementara disimpan: D:\S2 UMAYAH\TESIS\Pra Penelitian 2\outputs\multiseed_single_criteria_results.json

>>> Run 38/42 | entropy 20% seed=2024 | Waktu berjalan: 1639.0 menit (27.32 jam)
[TRAIN] 812 gambar, 9 kelas, batch_size=32
[VAL] 174 gambar, 9 kelas, batch_size=32
[TEST] 175 gambar, 9 kelas, batch_size=32

============================================================
ENTROPY 20% seed=2024 (mask identik di ketiga seed)
============================================================
[INFO] Training ENTROPY 20% seed=2024 pada cpu, 30 epoch, lr=0.0001

Epoch 1/30
----------------------------------------
  train Loss: 0.1340 Acc: 0.9384
  val   Loss: 0.3457 Acc: 0.8793
  >> Model terbaik diperbarui! Val Acc: 0.8793

Epoch 2/30
----------------------------------------
  train Loss: 0.0615 Acc: 0.9680
  val   Loss: 0.3254 Acc: 0.8966
  >> Model terbaik diperbarui! Val Acc: 0.8966

Epoch 3/30
----------------------------------------
  train Loss: 0.0853 Acc: 0.9569
  val   Loss: 0.3296 Acc: 0.9138
  >> Model terbaik diperbarui! Val Acc: 0.9138

Epoch 4/30
----------------------------------------
  train Loss: 0.0907 Acc: 0.9569
  val   Loss: 0.3642 Acc: 0.9080

Epoch 5/30
----------------------------------------
  train Loss: 0.0656 Acc: 0.9618
  val   Loss: 0.3475 Acc: 0.9195
  >> Model terbaik diperbarui! Val Acc: 0.9195

Epoch 6/30
----------------------------------------
  train Loss: 0.0591 Acc: 0.9631
  val   Loss: 0.3191 Acc: 0.9195

Epoch 7/30
----------------------------------------
  train Loss: 0.0667 Acc: 0.9667
  val   Loss: 0.3071 Acc: 0.9080

Epoch 8/30
----------------------------------------
  train Loss: 0.0639 Acc: 0.9606
  val   Loss: 0.2761 Acc: 0.9195

Epoch 9/30
----------------------------------------
  train Loss: 0.0559 Acc: 0.9680
  val   Loss: 0.3387 Acc: 0.9195

Epoch 10/30
----------------------------------------
  train Loss: 0.0302 Acc: 0.9741
  val   Loss: 0.3390 Acc: 0.9195

Epoch 11/30
----------------------------------------
  train Loss: 0.0454 Acc: 0.9729
  val   Loss: 0.3390 Acc: 0.9195

Epoch 12/30
----------------------------------------
  train Loss: 0.0359 Acc: 0.9729
  val   Loss: 0.3326 Acc: 0.9195

Epoch 13/30
----------------------------------------
  train Loss: 0.0351 Acc: 0.9729
  val   Loss: 0.3423 Acc: 0.9253
  >> Model terbaik diperbarui! Val Acc: 0.9253

Epoch 14/30
----------------------------------------
  train Loss: 0.0339 Acc: 0.9754
  val   Loss: 0.3393 Acc: 0.9195

Epoch 15/30
----------------------------------------
  train Loss: 0.0205 Acc: 0.9815
  val   Loss: 0.3326 Acc: 0.9195

Epoch 16/30
----------------------------------------
  train Loss: 0.0185 Acc: 0.9815
  val   Loss: 0.3260 Acc: 0.9195

Epoch 17/30
----------------------------------------
  train Loss: 0.0249 Acc: 0.9803
  val   Loss: 0.3240 Acc: 0.9195

Epoch 18/30
----------------------------------------
  train Loss: 0.0405 Acc: 0.9717
  val   Loss: 0.3185 Acc: 0.9195

Epoch 19/30
----------------------------------------
  train Loss: 0.0252 Acc: 0.9791
  val   Loss: 0.3306 Acc: 0.9195

Epoch 20/30
----------------------------------------
  train Loss: 0.0255 Acc: 0.9803
  val   Loss: 0.3277 Acc: 0.9253

Epoch 21/30
----------------------------------------
  train Loss: 0.0165 Acc: 0.9828
  val   Loss: 0.3319 Acc: 0.9195

Epoch 22/30
----------------------------------------
  train Loss: 0.0279 Acc: 0.9766
  val   Loss: 0.3413 Acc: 0.9195

Epoch 23/30
----------------------------------------
  train Loss: 0.0237 Acc: 0.9791
  val   Loss: 0.3270 Acc: 0.9253

Epoch 24/30
----------------------------------------
  train Loss: 0.0258 Acc: 0.9803
  val   Loss: 0.3277 Acc: 0.9253

Epoch 25/30
----------------------------------------
  train Loss: 0.0248 Acc: 0.9778
  val   Loss: 0.3378 Acc: 0.9195

Epoch 26/30
----------------------------------------
  train Loss: 0.0285 Acc: 0.9778
  val   Loss: 0.3329 Acc: 0.9253

Epoch 27/30
----------------------------------------
  train Loss: 0.0261 Acc: 0.9778
  val   Loss: 0.3325 Acc: 0.9253

Epoch 28/30
----------------------------------------
  train Loss: 0.0286 Acc: 0.9766
  val   Loss: 0.3305 Acc: 0.9253

Epoch 29/30
----------------------------------------
  train Loss: 0.0267 Acc: 0.9803
  val   Loss: 0.3281 Acc: 0.9195

Epoch 30/30
----------------------------------------
  train Loss: 0.0290 Acc: 0.9766
  val   Loss: 0.3227 Acc: 0.9195

[SELESAI] ENTROPY 20% seed=2024 - Best Val Acc: 0.9253
[INFO] Checkpoint disimpan: D:\S2 UMAYAH\TESIS\Pra Penelitian 2\checkpoints\ablation_entropy_20pct_30ep_traincal_seed2024.pth
[INFO] Inferensi: median=30.14 ms (rata-rata=31.53 +/- 7.70 ms, 300 runs, 30 warmup, 1 thread)

============================================================
HASIL EVALUASI
============================================================
  Akurasi      : 0.9253 (92.53%)
  Precision    : 0.9261
  Recall       : 0.9253
  F1-Score     : 0.9249
  Parameter    : 1,874,851
  Ukuran (MB)  : 7.26
  FLOPs        : 270.837 M
  Inferensi    : 30.14 ms (median, std=7.70, n=300)
============================================================

Classification Report:
                     precision    recall  f1-score   support

    Brown_Spot_Rice     0.8182    0.9000    0.8571        20
   Common_Rust_Corn     0.9474    0.9474    0.9474        19
Gray_Leaf_Spot_Corn     0.9474    0.9000    0.9231        20
       Healthy_Corn     0.9500    1.0000    0.9744        19
       Healthy_Rice     0.9500    1.0000    0.9744        19
  Healthy_Sugarcane     0.9444    0.8947    0.9189        19
    Leaf_Blast_Rice     0.8889    0.8000    0.8421        20
   Mosaic_Sugarcane     0.8947    0.8947    0.8947        19
     Rust_Sugarcane     1.0000    1.0000    1.0000        19

           accuracy                         0.9253       174
          macro avg     0.9268    0.9263    0.9258       174
       weighted avg     0.9261    0.9253    0.9249       174

[INFO] Inferensi: median=29.54 ms (rata-rata=30.11 +/- 4.57 ms, 300 runs, 30 warmup, 1 thread)

============================================================
HASIL EVALUASI
============================================================
  Akurasi      : 0.9657 (96.57%)
  Precision    : 0.9688
  Recall       : 0.9657
  F1-Score     : 0.9662
  Parameter    : 1,874,851
  Ukuran (MB)  : 7.26
  FLOPs        : 270.837 M
  Inferensi    : 29.54 ms (median, std=4.57, n=300)
============================================================

Classification Report:
                     precision    recall  f1-score   support

    Brown_Spot_Rice     0.8182    0.9474    0.8780        19
   Common_Rust_Corn     0.9500    1.0000    0.9744        19
Gray_Leaf_Spot_Corn     1.0000    1.0000    1.0000        19
       Healthy_Corn     1.0000    1.0000    1.0000        20
       Healthy_Rice     0.9474    0.9000    0.9231        20
  Healthy_Sugarcane     1.0000    1.0000    1.0000        20
    Leaf_Blast_Rice     1.0000    0.8947    0.9444        19
   Mosaic_Sugarcane     1.0000    1.0000    1.0000        19
     Rust_Sugarcane     1.0000    0.9500    0.9744        20

           accuracy                         0.9657       175
          macro avg     0.9684    0.9658    0.9660       175
       weighted avg     0.9688    0.9657    0.9662       175
D:\S2 UMAYAH\TESIS\Pra Penelitian 2\venv\Lib\site-packages\torch\utils\data\dataloader.py:1102: UserWarning: 'pin_memory' argument is set as true but no accelerator is found, then device pinned memory won't be used.
  super().__init__(loader)
D:\S2 UMAYAH\TESIS\Pra Penelitian 2\venv\Lib\site-packages\torch\utils\data\dataloader.py:1102: UserWarning: 'pin_memory' argument is set as true but no accelerator is found, then device pinned memory won't be used.
  super().__init__(loader)

[INFO] Hasil sementara disimpan: D:\S2 UMAYAH\TESIS\Pra Penelitian 2\outputs\multiseed_single_criteria_results.json

>>> Run 39/42 | entropy 30% seed=123 | Waktu berjalan: 1695.7 menit (28.26 jam)
[Pruning] Rasio: 30%
  Channel total  : 7104
  Channel dipangkas: 2125
  Channel tersisa  : 4979
[TRAIN] 812 gambar, 9 kelas, batch_size=32
[VAL] 174 gambar, 9 kelas, batch_size=32
[TEST] 175 gambar, 9 kelas, batch_size=32

============================================================
ENTROPY 30% seed=123 (mask identik di ketiga seed)
============================================================
[INFO] Training ENTROPY 30% seed=123 pada cpu, 30 epoch, lr=0.0001

Epoch 1/30
----------------------------------------
  train Loss: 0.2271 Acc: 0.8966
  val   Loss: 0.3753 Acc: 0.8506
  >> Model terbaik diperbarui! Val Acc: 0.8506

Epoch 2/30
----------------------------------------
  train Loss: 0.1235 Acc: 0.9347
  val   Loss: 0.3458 Acc: 0.8793
  >> Model terbaik diperbarui! Val Acc: 0.8793

Epoch 3/30
----------------------------------------
  train Loss: 0.1023 Acc: 0.9532
  val   Loss: 0.3334 Acc: 0.8966
  >> Model terbaik diperbarui! Val Acc: 0.8966

Epoch 4/30
----------------------------------------
  train Loss: 0.0995 Acc: 0.9470
  val   Loss: 0.3350 Acc: 0.8736

Epoch 5/30
----------------------------------------
  train Loss: 0.0829 Acc: 0.9581
  val   Loss: 0.3118 Acc: 0.9023
  >> Model terbaik diperbarui! Val Acc: 0.9023

Epoch 6/30
----------------------------------------
  train Loss: 0.0823 Acc: 0.9507
  val   Loss: 0.3003 Acc: 0.9195
  >> Model terbaik diperbarui! Val Acc: 0.9195

Epoch 7/30
----------------------------------------
  train Loss: 0.0856 Acc: 0.9557
  val   Loss: 0.3320 Acc: 0.8851

Epoch 8/30
----------------------------------------
  train Loss: 0.0711 Acc: 0.9643
  val   Loss: 0.3439 Acc: 0.8966

Epoch 9/30
----------------------------------------
  train Loss: 0.0470 Acc: 0.9667
  val   Loss: 0.2993 Acc: 0.9253
  >> Model terbaik diperbarui! Val Acc: 0.9253

Epoch 10/30
----------------------------------------
  train Loss: 0.0435 Acc: 0.9754
  val   Loss: 0.3012 Acc: 0.9195

Epoch 11/30
----------------------------------------
  train Loss: 0.0409 Acc: 0.9729
  val   Loss: 0.3071 Acc: 0.9253

Epoch 12/30
----------------------------------------
  train Loss: 0.0358 Acc: 0.9754
  val   Loss: 0.3102 Acc: 0.9253

Epoch 13/30
----------------------------------------
  train Loss: 0.0450 Acc: 0.9704
  val   Loss: 0.3145 Acc: 0.9195

Epoch 14/30
----------------------------------------
  train Loss: 0.0393 Acc: 0.9741
  val   Loss: 0.3050 Acc: 0.9253

Epoch 15/30
----------------------------------------
  train Loss: 0.0375 Acc: 0.9766
  val   Loss: 0.2986 Acc: 0.9310
  >> Model terbaik diperbarui! Val Acc: 0.9310

Epoch 16/30
----------------------------------------
  train Loss: 0.0358 Acc: 0.9778
  val   Loss: 0.3064 Acc: 0.9310

Epoch 17/30
----------------------------------------
  train Loss: 0.0301 Acc: 0.9778
  val   Loss: 0.3018 Acc: 0.9310

Epoch 18/30
----------------------------------------
  train Loss: 0.0347 Acc: 0.9754
  val   Loss: 0.3071 Acc: 0.9310

Epoch 19/30
----------------------------------------
  train Loss: 0.0267 Acc: 0.9791
  val   Loss: 0.2966 Acc: 0.9368
  >> Model terbaik diperbarui! Val Acc: 0.9368

Epoch 20/30
----------------------------------------
  train Loss: 0.0464 Acc: 0.9655
  val   Loss: 0.3128 Acc: 0.9368

Epoch 21/30
----------------------------------------
  train Loss: 0.0465 Acc: 0.9717
  val   Loss: 0.3101 Acc: 0.9368

Epoch 22/30
----------------------------------------
  train Loss: 0.0363 Acc: 0.9729
  val   Loss: 0.3039 Acc: 0.9368

Epoch 23/30
----------------------------------------
  train Loss: 0.0354 Acc: 0.9717
  val   Loss: 0.3055 Acc: 0.9368

Epoch 24/30
----------------------------------------
  train Loss: 0.0310 Acc: 0.9754
  val   Loss: 0.3074 Acc: 0.9310

Epoch 25/30
----------------------------------------
  train Loss: 0.0272 Acc: 0.9791
  val   Loss: 0.3159 Acc: 0.9310

Epoch 26/30
----------------------------------------
  train Loss: 0.0293 Acc: 0.9778
  val   Loss: 0.3098 Acc: 0.9310

Epoch 27/30
----------------------------------------
  train Loss: 0.0317 Acc: 0.9754
  val   Loss: 0.3131 Acc: 0.9310

Epoch 28/30
----------------------------------------
  train Loss: 0.0319 Acc: 0.9778
  val   Loss: 0.3148 Acc: 0.9253

Epoch 29/30
----------------------------------------
  train Loss: 0.0336 Acc: 0.9766
  val   Loss: 0.3077 Acc: 0.9368

Epoch 30/30
----------------------------------------
  train Loss: 0.0276 Acc: 0.9766
  val   Loss: 0.3182 Acc: 0.9310

[SELESAI] ENTROPY 30% seed=123 - Best Val Acc: 0.9368
[INFO] Checkpoint disimpan: D:\S2 UMAYAH\TESIS\Pra Penelitian 2\checkpoints\ablation_entropy_30pct_30ep_traincal_seed123.pth
[INFO] Inferensi: median=20.99 ms (rata-rata=21.15 +/- 0.63 ms, 300 runs, 30 warmup, 1 thread)

============================================================
HASIL EVALUASI
============================================================
  Akurasi      : 0.9368 (93.68%)
  Precision    : 0.9370
  Recall       : 0.9368
  F1-Score     : 0.9365
  Parameter    : 1,694,216
  Ukuran (MB)  : 6.56
  FLOPs        : 242.938 M
  Inferensi    : 20.99 ms (median, std=0.63, n=300)
============================================================

Classification Report:
                     precision    recall  f1-score   support

    Brown_Spot_Rice     0.9000    0.9000    0.9000        20
   Common_Rust_Corn     1.0000    0.9474    0.9730        19
Gray_Leaf_Spot_Corn     1.0000    0.9500    0.9744        20
       Healthy_Corn     0.9500    1.0000    0.9744        19
       Healthy_Rice     0.9500    1.0000    0.9744        19
  Healthy_Sugarcane     0.8947    0.8947    0.8947        19
    Leaf_Blast_Rice     0.8947    0.8500    0.8718        20
   Mosaic_Sugarcane     0.8947    0.8947    0.8947        19
     Rust_Sugarcane     0.9500    1.0000    0.9744        19

           accuracy                         0.9368       174
          macro avg     0.9371    0.9374    0.9369       174
       weighted avg     0.9370    0.9368    0.9365       174

[INFO] Inferensi: median=21.05 ms (rata-rata=21.78 +/- 3.92 ms, 300 runs, 30 warmup, 1 thread)

============================================================
HASIL EVALUASI
============================================================
  Akurasi      : 0.9429 (94.29%)
  Precision    : 0.9504
  Recall       : 0.9429
  F1-Score     : 0.9429
  Parameter    : 1,694,216
  Ukuran (MB)  : 6.56
  FLOPs        : 242.938 M
  Inferensi    : 21.05 ms (median, std=3.92, n=300)
============================================================

Classification Report:
                     precision    recall  f1-score   support

    Brown_Spot_Rice     0.7917    1.0000    0.8837        19
   Common_Rust_Corn     0.9500    1.0000    0.9744        19
Gray_Leaf_Spot_Corn     1.0000    0.9474    0.9730        19
       Healthy_Corn     0.9524    1.0000    0.9756        20
       Healthy_Rice     0.9500    0.9500    0.9500        20
  Healthy_Sugarcane     0.9091    1.0000    0.9524        20
    Leaf_Blast_Rice     1.0000    0.7895    0.8824        19
   Mosaic_Sugarcane     1.0000    0.8947    0.9444        19
     Rust_Sugarcane     1.0000    0.9000    0.9474        20

           accuracy                         0.9429       175
          macro avg     0.9503    0.9424    0.9426       175
       weighted avg     0.9504    0.9429    0.9429       175

[INFO] Hasil sementara disimpan: D:\S2 UMAYAH\TESIS\Pra Penelitian 2\outputs\multiseed_single_criteria_results.json

>>> Run 40/42 | entropy 30% seed=2024 | Waktu berjalan: 1747.6 menit (29.13 jam)
[TRAIN] 812 gambar, 9 kelas, batch_size=32
[VAL] 174 gambar, 9 kelas, batch_size=32
[TEST] 175 gambar, 9 kelas, batch_size=32

============================================================
ENTROPY 30% seed=2024 (mask identik di ketiga seed)
============================================================D:\S2 UMAYAH\TESIS\Pra Penelitian 2\venv\Lib\site-packages\torch\utils\data\dataloader.py:1102: UserWarning: 'pin_memory' argument is set as true but no accelerator is found, then device pinned memory won't be used.
  super().__init__(loader)
D:\S2 UMAYAH\TESIS\Pra Penelitian 2\venv\Lib\site-packages\torch\utils\data\dataloader.py:1102: UserWarning: 'pin_memory' argument is set as true but no accelerator is found, then device pinned memory won't be used.
  super().__init__(loader)
D:\S2 UMAYAH\TESIS\Pra Penelitian 2\venv\Lib\site-packages\torch\utils\data\dataloader.py:1102: UserWarning: 'pin_memory' argument is set as true but no accelerator is found, then device pinned memory won't be used.
  super().__init__(loader)

[INFO] Training ENTROPY 30% seed=2024 pada cpu, 30 epoch, lr=0.0001

Epoch 1/30
----------------------------------------
  train Loss: 0.2648 Acc: 0.9039
  val   Loss: 0.5104 Acc: 0.8161
  >> Model terbaik diperbarui! Val Acc: 0.8161

Epoch 2/30
----------------------------------------
  train Loss: 0.1163 Acc: 0.9544
  val   Loss: 0.3471 Acc: 0.8793
  >> Model terbaik diperbarui! Val Acc: 0.8793

Epoch 3/30
----------------------------------------
  train Loss: 0.1228 Acc: 0.9446
  val   Loss: 0.3421 Acc: 0.8736

Epoch 4/30
----------------------------------------
  train Loss: 0.0982 Acc: 0.9433
  val   Loss: 0.3733 Acc: 0.8851
  >> Model terbaik diperbarui! Val Acc: 0.8851

Epoch 5/30
----------------------------------------
  train Loss: 0.0924 Acc: 0.9532
  val   Loss: 0.3548 Acc: 0.9195
  >> Model terbaik diperbarui! Val Acc: 0.9195

Epoch 6/30
----------------------------------------
  train Loss: 0.0586 Acc: 0.9680
  val   Loss: 0.3598 Acc: 0.8851

Epoch 7/30
----------------------------------------
  train Loss: 0.0975 Acc: 0.9483
  val   Loss: 0.3392 Acc: 0.9138

Epoch 8/30
----------------------------------------
  train Loss: 0.0860 Acc: 0.9544
  val   Loss: 0.3579 Acc: 0.9080

Epoch 9/30
----------------------------------------
  train Loss: 0.0520 Acc: 0.9655
  val   Loss: 0.3229 Acc: 0.9138

Epoch 10/30
----------------------------------------
  train Loss: 0.0568 Acc: 0.9643
  val   Loss: 0.3209 Acc: 0.9138

Epoch 11/30
----------------------------------------
  train Loss: 0.0455 Acc: 0.9754
  val   Loss: 0.3196 Acc: 0.9138

Epoch 12/30
----------------------------------------
  train Loss: 0.0660 Acc: 0.9606
  val   Loss: 0.3081 Acc: 0.9195

Epoch 13/30
----------------------------------------
  train Loss: 0.0311 Acc: 0.9778
  val   Loss: 0.3040 Acc: 0.9253
  >> Model terbaik diperbarui! Val Acc: 0.9253

Epoch 14/30
----------------------------------------
  train Loss: 0.0479 Acc: 0.9704
  val   Loss: 0.3032 Acc: 0.9310
  >> Model terbaik diperbarui! Val Acc: 0.9310

Epoch 15/30
----------------------------------------
  train Loss: 0.0436 Acc: 0.9729
  val   Loss: 0.3078 Acc: 0.9253

Epoch 16/30
----------------------------------------
  train Loss: 0.0441 Acc: 0.9741
  val   Loss: 0.2946 Acc: 0.9253

Epoch 17/30
----------------------------------------
  train Loss: 0.0316 Acc: 0.9791
  val   Loss: 0.2965 Acc: 0.9310

Epoch 18/30
----------------------------------------
  train Loss: 0.0515 Acc: 0.9631
  val   Loss: 0.3010 Acc: 0.9310

Epoch 19/30
----------------------------------------
  train Loss: 0.0338 Acc: 0.9766
  val   Loss: 0.2972 Acc: 0.9253

Epoch 20/30
----------------------------------------
  train Loss: 0.0383 Acc: 0.9704
  val   Loss: 0.2953 Acc: 0.9253

Epoch 21/30
----------------------------------------
  train Loss: 0.0323 Acc: 0.9791
  val   Loss: 0.2931 Acc: 0.9310

Epoch 22/30
----------------------------------------
  train Loss: 0.0239 Acc: 0.9803
  val   Loss: 0.3016 Acc: 0.9253

Epoch 23/30
----------------------------------------
  train Loss: 0.0288 Acc: 0.9791
  val   Loss: 0.2942 Acc: 0.9310

Epoch 24/30
----------------------------------------
  train Loss: 0.0292 Acc: 0.9778
  val   Loss: 0.2933 Acc: 0.9310

Epoch 25/30
----------------------------------------
  train Loss: 0.0414 Acc: 0.9741
  val   Loss: 0.2987 Acc: 0.9253

Epoch 26/30
----------------------------------------
  train Loss: 0.0468 Acc: 0.9717
  val   Loss: 0.2952 Acc: 0.9253

Epoch 27/30
----------------------------------------
  train Loss: 0.0489 Acc: 0.9655
  val   Loss: 0.3013 Acc: 0.9253

Epoch 28/30
----------------------------------------
  train Loss: 0.0373 Acc: 0.9729
  val   Loss: 0.2940 Acc: 0.9310

Epoch 29/30
----------------------------------------
  train Loss: 0.0348 Acc: 0.9754
  val   Loss: 0.2977 Acc: 0.9253

Epoch 30/30
----------------------------------------
  train Loss: 0.0348 Acc: 0.9778
  val   Loss: 0.2922 Acc: 0.9253

[SELESAI] ENTROPY 30% seed=2024 - Best Val Acc: 0.9310
[INFO] Checkpoint disimpan: D:\S2 UMAYAH\TESIS\Pra Penelitian 2\checkpoints\ablation_entropy_30pct_30ep_traincal_seed2024.pth
[INFO] Inferensi: median=21.16 ms (rata-rata=21.28 +/- 0.50 ms, 300 runs, 30 warmup, 1 thread)

============================================================
HASIL EVALUASI
============================================================
  Akurasi      : 0.9310 (93.10%)
  Precision    : 0.9312
  Recall       : 0.9310
  F1-Score     : 0.9306
  Parameter    : 1,694,216
  Ukuran (MB)  : 6.56
  FLOPs        : 242.938 M
  Inferensi    : 21.16 ms (median, std=0.50, n=300)
============================================================

Classification Report:
                     precision    recall  f1-score   support

    Brown_Spot_Rice     0.8500    0.8500    0.8500        20
   Common_Rust_Corn     1.0000    0.9474    0.9730        19
Gray_Leaf_Spot_Corn     1.0000    0.9500    0.9744        20
       Healthy_Corn     0.9500    1.0000    0.9744        19
       Healthy_Rice     0.9500    1.0000    0.9744        19
  Healthy_Sugarcane     0.9000    0.9474    0.9231        19
    Leaf_Blast_Rice     0.8421    0.8000    0.8205        20
   Mosaic_Sugarcane     0.9444    0.8947    0.9189        19
     Rust_Sugarcane     0.9500    1.0000    0.9744        19

           accuracy                         0.9310       174
          macro avg     0.9318    0.9322    0.9314       174
       weighted avg     0.9312    0.9310    0.9306       174

[INFO] Inferensi: median=21.40 ms (rata-rata=21.49 +/- 0.58 ms, 300 runs, 30 warmup, 1 thread)

============================================================
HASIL EVALUASI
============================================================
  Akurasi      : 0.9371 (93.71%)
  Precision    : 0.9443
  Recall       : 0.9371
  F1-Score     : 0.9374
  Parameter    : 1,694,216
  Ukuran (MB)  : 6.56
  FLOPs        : 242.938 M
  Inferensi    : 21.40 ms (median, std=0.58, n=300)
============================================================

Classification Report:
                     precision    recall  f1-score   support

    Brown_Spot_Rice     0.7826    0.9474    0.8571        19
   Common_Rust_Corn     0.9500    1.0000    0.9744        19
Gray_Leaf_Spot_Corn     1.0000    0.9474    0.9730        19
       Healthy_Corn     0.9524    1.0000    0.9756        20
       Healthy_Rice     0.9048    0.9500    0.9268        20
  Healthy_Sugarcane     0.9091    1.0000    0.9524        20
    Leaf_Blast_Rice     1.0000    0.7895    0.8824        19
   Mosaic_Sugarcane     1.0000    0.8947    0.9444        19
     Rust_Sugarcane     1.0000    0.9000    0.9474        20

           accuracy                         0.9371       175
          macro avg     0.9443    0.9365    0.9371       175
       weighted avg     0.9443    0.9371    0.9374       175

[INFO] Hasil sementara disimpan: D:\S2 UMAYAH\TESIS\Pra Penelitian 2\outputs\multiseed_single_criteria_results.json

>>> Run 41/42 | entropy 40% seed=123 | Waktu berjalan: 1792.0 menit (29.87 jam)
[Pruning] Rasio: 40%
  Channel total  : 7104
  Channel dipangkas: 2834
  Channel tersisa  : 4270
[TRAIN] 812 gambar, 9 kelas, batch_size=32
[VAL] 174 gambar, 9 kelas, batch_size=32
[TEST] 175 gambar, 9 kelas, batch_size=32

============================================================
ENTROPY 40% seed=123 (mask identik di ketiga seed)
============================================================
[INFO] Training ENTROPY 40% seed=123 pada cpu, 30 epoch, lr=0.0001

Epoch 1/30
----------------------------------------
  train Loss: 0.3510 Acc: 0.8571
  val   Loss: 0.5899 Acc: 0.7816
  >> Model terbaik diperbarui! Val Acc: 0.7816

Epoch 2/30
----------------------------------------
  train Loss: 0.1938 Acc: 0.9138
  val   Loss: 0.4557 Acc: 0.8563
  >> Model terbaik diperbarui! Val Acc: 0.8563

Epoch 3/30
----------------------------------------
  train Loss: 0.1785 Acc: 0.9150
  val   Loss: 0.3869 Acc: 0.8908
  >> Model terbaik diperbarui! Val Acc: 0.8908D:\S2 UMAYAH\TESIS\Pra Penelitian 2\venv\Lib\site-packages\torch\utils\data\dataloader.py:1102: UserWarning: 'pin_memory' argument is set as true but no accelerator is found, then device pinned memory won't be used.
  super().__init__(loader)
D:\S2 UMAYAH\TESIS\Pra Penelitian 2\venv\Lib\site-packages\torch\utils\data\dataloader.py:1102: UserWarning: 'pin_memory' argument is set as true but no accelerator is found, then device pinned memory won't be used.
  super().__init__(loader)


Epoch 4/30
----------------------------------------
  train Loss: 0.1219 Acc: 0.9384
  val   Loss: 0.3547 Acc: 0.8736

Epoch 5/30
----------------------------------------
  train Loss: 0.1133 Acc: 0.9532
  val   Loss: 0.3574 Acc: 0.8793

Epoch 6/30
----------------------------------------
  train Loss: 0.0958 Acc: 0.9507
  val   Loss: 0.3625 Acc: 0.8966
  >> Model terbaik diperbarui! Val Acc: 0.8966

Epoch 7/30
----------------------------------------
  train Loss: 0.0818 Acc: 0.9569
  val   Loss: 0.4072 Acc: 0.8908

Epoch 8/30
----------------------------------------
  train Loss: 0.1065 Acc: 0.9470
  val   Loss: 0.3494 Acc: 0.8908

Epoch 9/30
----------------------------------------
  train Loss: 0.0828 Acc: 0.9594
  val   Loss: 0.3266 Acc: 0.8908

Epoch 10/30
----------------------------------------
  train Loss: 0.0735 Acc: 0.9618
  val   Loss: 0.3678 Acc: 0.8908

Epoch 11/30
----------------------------------------
  train Loss: 0.0863 Acc: 0.9520
  val   Loss: 0.3517 Acc: 0.8966

Epoch 12/30
----------------------------------------
  train Loss: 0.0594 Acc: 0.9655
  val   Loss: 0.3380 Acc: 0.9023
  >> Model terbaik diperbarui! Val Acc: 0.9023

Epoch 13/30
----------------------------------------
  train Loss: 0.0659 Acc: 0.9606
  val   Loss: 0.3385 Acc: 0.9080
  >> Model terbaik diperbarui! Val Acc: 0.9080

Epoch 14/30
----------------------------------------
  train Loss: 0.0725 Acc: 0.9631
  val   Loss: 0.3343 Acc: 0.9023

Epoch 15/30
----------------------------------------
  train Loss: 0.0481 Acc: 0.9717
  val   Loss: 0.3315 Acc: 0.9080

Epoch 16/30
----------------------------------------
  train Loss: 0.0605 Acc: 0.9655
  val   Loss: 0.3337 Acc: 0.9080

Epoch 17/30
----------------------------------------
  train Loss: 0.0496 Acc: 0.9692
  val   Loss: 0.3485 Acc: 0.9023

Epoch 18/30
----------------------------------------
  train Loss: 0.0490 Acc: 0.9692
  val   Loss: 0.3449 Acc: 0.9080

Epoch 19/30
----------------------------------------
  train Loss: 0.0482 Acc: 0.9717
  val   Loss: 0.3470 Acc: 0.9080

Epoch 20/30
----------------------------------------
  train Loss: 0.0409 Acc: 0.9754
  val   Loss: 0.3324 Acc: 0.9080

Epoch 21/30
----------------------------------------
  train Loss: 0.0463 Acc: 0.9766
  val   Loss: 0.3391 Acc: 0.8966

Epoch 22/30
----------------------------------------
  train Loss: 0.0348 Acc: 0.9778
  val   Loss: 0.3423 Acc: 0.9023

Epoch 23/30
----------------------------------------
  train Loss: 0.0620 Acc: 0.9680
  val   Loss: 0.3432 Acc: 0.8966

Epoch 24/30
----------------------------------------
  train Loss: 0.0523 Acc: 0.9655
  val   Loss: 0.3355 Acc: 0.8966

Epoch 25/30
----------------------------------------
  train Loss: 0.0577 Acc: 0.9655
  val   Loss: 0.3448 Acc: 0.8966

Epoch 26/30
----------------------------------------
  train Loss: 0.0552 Acc: 0.9667
  val   Loss: 0.3461 Acc: 0.9023

Epoch 27/30
----------------------------------------
  train Loss: 0.0637 Acc: 0.9606
  val   Loss: 0.3469 Acc: 0.9023

Epoch 28/30
----------------------------------------
  train Loss: 0.0429 Acc: 0.9741
  val   Loss: 0.3448 Acc: 0.9023

Epoch 29/30
----------------------------------------
  train Loss: 0.0485 Acc: 0.9717
  val   Loss: 0.3440 Acc: 0.9138
  >> Model terbaik diperbarui! Val Acc: 0.9138

Epoch 30/30
----------------------------------------
  train Loss: 0.0522 Acc: 0.9717
  val   Loss: 0.3418 Acc: 0.9023

[SELESAI] ENTROPY 40% seed=123 - Best Val Acc: 0.9138
[INFO] Checkpoint disimpan: D:\S2 UMAYAH\TESIS\Pra Penelitian 2\checkpoints\ablation_entropy_40pct_30ep_traincal_seed123.pth
[INFO] Inferensi: median=19.39 ms (rata-rata=19.53 +/- 0.59 ms, 300 runs, 30 warmup, 1 thread)

============================================================
HASIL EVALUASI
============================================================
  Akurasi      : 0.9138 (91.38%)
  Precision    : 0.9171
  Recall       : 0.9138
  F1-Score     : 0.9132
  Parameter    : 1,513,575
  Ukuran (MB)  : 5.86
  FLOPs        : 215.009 M
  Inferensi    : 19.39 ms (median, std=0.59, n=300)
============================================================

Classification Report:
                     precision    recall  f1-score   support

    Brown_Spot_Rice     0.8750    0.7000    0.7778        20
   Common_Rust_Corn     1.0000    0.9474    0.9730        19
Gray_Leaf_Spot_Corn     1.0000    0.9500    0.9744        20
       Healthy_Corn     0.9048    1.0000    0.9500        19
       Healthy_Rice     0.9474    0.9474    0.9474        19
  Healthy_Sugarcane     0.9000    0.9474    0.9231        19
    Leaf_Blast_Rice     0.7391    0.8500    0.7907        20
   Mosaic_Sugarcane     0.9444    0.8947    0.9189        19
     Rust_Sugarcane     0.9500    1.0000    0.9744        19

           accuracy                         0.9138       174
          macro avg     0.9179    0.9152    0.9144       174
       weighted avg     0.9171    0.9138    0.9132       174

[INFO] Inferensi: median=18.86 ms (rata-rata=19.07 +/- 0.66 ms, 300 runs, 30 warmup, 1 thread)

============================================================
HASIL EVALUASI
============================================================
  Akurasi      : 0.9143 (91.43%)
  Precision    : 0.9185
  Recall       : 0.9143
  F1-Score     : 0.9149
  Parameter    : 1,513,575
  Ukuran (MB)  : 5.86
  FLOPs        : 215.009 M
  Inferensi    : 18.86 ms (median, std=0.66, n=300)
============================================================

Classification Report:
                     precision    recall  f1-score   support

    Brown_Spot_Rice     0.7391    0.8947    0.8095        19
   Common_Rust_Corn     1.0000    1.0000    1.0000        19
Gray_Leaf_Spot_Corn     0.9474    0.9474    0.9474        19
       Healthy_Corn     0.9500    0.9500    0.9500        20
       Healthy_Rice     0.9474    0.9000    0.9231        20
  Healthy_Sugarcane     0.9048    0.9500    0.9268        20
    Leaf_Blast_Rice     0.8824    0.7895    0.8333        19
   Mosaic_Sugarcane     0.9412    0.8421    0.8889        19
     Rust_Sugarcane     0.9500    0.9500    0.9500        20

           accuracy                         0.9143       175
          macro avg     0.9180    0.9137    0.9143       175
       weighted avg     0.9185    0.9143    0.9149       175

[INFO] Hasil sementara disimpan: D:\S2 UMAYAH\TESIS\Pra Penelitian 2\outputs\multiseed_single_criteria_results.json

>>> Run 42/42 | entropy 40% seed=2024 | Waktu berjalan: 1833.3 menit (30.56 jam)
[TRAIN] 812 gambar, 9 kelas, batch_size=32
[VAL] 174 gambar, 9 kelas, batch_size=32
[TEST] 175 gambar, 9 kelas, batch_size=32

============================================================
ENTROPY 40% seed=2024 (mask identik di ketiga seed)
============================================================
[INFO] Training ENTROPY 40% seed=2024 pada cpu, 30 epoch, lr=0.0001

Epoch 1/30
----------------------------------------
  train Loss: 0.3697 Acc: 0.8645
  val   Loss: 0.5324 Acc: 0.8161
  >> Model terbaik diperbarui! Val Acc: 0.8161

Epoch 2/30
----------------------------------------
  train Loss: 0.2052 Acc: 0.9113
  val   Loss: 0.4281 Acc: 0.8736
  >> Model terbaik diperbarui! Val Acc: 0.8736

Epoch 3/30
----------------------------------------
  train Loss: 0.1796 Acc: 0.9335
  val   Loss: 0.4266 Acc: 0.8908
  >> Model terbaik diperbarui! Val Acc: 0.8908

Epoch 4/30
----------------------------------------
  train Loss: 0.1401 Acc: 0.9347
  val   Loss: 0.4312 Acc: 0.8736

Epoch 5/30
----------------------------------------
  train Loss: 0.1082 Acc: 0.9458
  val   Loss: 0.3724 Acc: 0.9080
  >> Model terbaik diperbarui! Val Acc: 0.9080

Epoch 6/30
----------------------------------------
  train Loss: 0.1503 Acc: 0.9335
  val   Loss: 0.4008 Acc: 0.8851

Epoch 7/30
----------------------------------------
  train Loss: 0.1044 Acc: 0.9557
  val   Loss: 0.3707 Acc: 0.8966

Epoch 8/30
----------------------------------------D:\S2 UMAYAH\TESIS\Pra Penelitian 2\venv\Lib\site-packages\torch\utils\data\dataloader.py:1102: UserWarning: 'pin_memory' argument is set as true but no accelerator is found, then device pinned memory won't be used.
  super().__init__(loader)

  train Loss: 0.0765 Acc: 0.9643
  val   Loss: 0.3967 Acc: 0.8966

Epoch 9/30
----------------------------------------
  train Loss: 0.0981 Acc: 0.9495
  val   Loss: 0.3818 Acc: 0.8966

Epoch 10/30
----------------------------------------
  train Loss: 0.1059 Acc: 0.9483
  val   Loss: 0.3643 Acc: 0.9023

Epoch 11/30
----------------------------------------
  train Loss: 0.0794 Acc: 0.9569
  val   Loss: 0.3500 Acc: 0.8908

Epoch 12/30
----------------------------------------
  train Loss: 0.0715 Acc: 0.9606
  val   Loss: 0.3303 Acc: 0.9080

Epoch 13/30
----------------------------------------
  train Loss: 0.0631 Acc: 0.9631
  val   Loss: 0.3392 Acc: 0.9023

Epoch 14/30
----------------------------------------
  train Loss: 0.0656 Acc: 0.9692
  val   Loss: 0.3333 Acc: 0.9080

Epoch 15/30
----------------------------------------
  train Loss: 0.0600 Acc: 0.9680
  val   Loss: 0.3186 Acc: 0.9138
  >> Model terbaik diperbarui! Val Acc: 0.9138

Epoch 16/30
----------------------------------------
  train Loss: 0.0614 Acc: 0.9631
  val   Loss: 0.3168 Acc: 0.9138

Epoch 17/30
----------------------------------------
  train Loss: 0.0700 Acc: 0.9618
  val   Loss: 0.3407 Acc: 0.9080

Epoch 18/30
----------------------------------------
  train Loss: 0.0470 Acc: 0.9717
  val   Loss: 0.3285 Acc: 0.9023

Epoch 19/30
----------------------------------------
  train Loss: 0.0596 Acc: 0.9667
  val   Loss: 0.3210 Acc: 0.9023

Epoch 20/30
----------------------------------------
  train Loss: 0.0455 Acc: 0.9729
  val   Loss: 0.3179 Acc: 0.9138

Epoch 21/30
----------------------------------------
  train Loss: 0.0659 Acc: 0.9643
  val   Loss: 0.3168 Acc: 0.9080

Epoch 22/30
----------------------------------------
  train Loss: 0.0615 Acc: 0.9631
  val   Loss: 0.3269 Acc: 0.9080

Epoch 23/30
----------------------------------------
  train Loss: 0.0706 Acc: 0.9606
  val   Loss: 0.3274 Acc: 0.9023

Epoch 24/30
----------------------------------------
  train Loss: 0.0584 Acc: 0.9680
  val   Loss: 0.3285 Acc: 0.8966

Epoch 25/30
----------------------------------------
  train Loss: 0.0436 Acc: 0.9741
  val   Loss: 0.3221 Acc: 0.9138

Epoch 26/30
----------------------------------------
  train Loss: 0.0452 Acc: 0.9754
  val   Loss: 0.3211 Acc: 0.9023

Epoch 27/30
----------------------------------------
  train Loss: 0.0568 Acc: 0.9655
  val   Loss: 0.3201 Acc: 0.9080

Epoch 28/30
----------------------------------------
  train Loss: 0.0374 Acc: 0.9778
  val   Loss: 0.3215 Acc: 0.9023

Epoch 29/30
----------------------------------------
  train Loss: 0.0418 Acc: 0.9741
  val   Loss: 0.3270 Acc: 0.9023

Epoch 30/30
----------------------------------------
  train Loss: 0.0598 Acc: 0.9717
  val   Loss: 0.3247 Acc: 0.9080

[SELESAI] ENTROPY 40% seed=2024 - Best Val Acc: 0.9138
[INFO] Checkpoint disimpan: D:\S2 UMAYAH\TESIS\Pra Penelitian 2\checkpoints\ablation_entropy_40pct_30ep_traincal_seed2024.pth
[INFO] Inferensi: median=19.15 ms (rata-rata=19.49 +/- 1.03 ms, 300 runs, 30 warmup, 1 thread)

============================================================
HASIL EVALUASI
============================================================
  Akurasi      : 0.9138 (91.38%)
  Precision    : 0.9171
  Recall       : 0.9138
  F1-Score     : 0.9132
  Parameter    : 1,513,575
  Ukuran (MB)  : 5.86
  FLOPs        : 215.009 M
  Inferensi    : 19.15 ms (median, std=1.03, n=300)
============================================================

Classification Report:
                     precision    recall  f1-score   support

    Brown_Spot_Rice     0.8750    0.7000    0.7778        20
   Common_Rust_Corn     1.0000    0.9474    0.9730        19
Gray_Leaf_Spot_Corn     1.0000    0.9500    0.9744        20
       Healthy_Corn     0.9048    1.0000    0.9500        19
       Healthy_Rice     0.9474    0.9474    0.9474        19
  Healthy_Sugarcane     0.9000    0.9474    0.9231        19
    Leaf_Blast_Rice     0.7391    0.8500    0.7907        20
   Mosaic_Sugarcane     0.9444    0.8947    0.9189        19
     Rust_Sugarcane     0.9500    1.0000    0.9744        19

           accuracy                         0.9138       174
          macro avg     0.9179    0.9152    0.9144       174
       weighted avg     0.9171    0.9138    0.9132       174

[INFO] Inferensi: median=19.34 ms (rata-rata=19.67 +/- 2.11 ms, 300 runs, 30 warmup, 1 thread)

============================================================
HASIL EVALUASI
============================================================
  Akurasi      : 0.9086 (90.86%)
  Precision    : 0.9179
  Recall       : 0.9086
  F1-Score     : 0.9093
  Parameter    : 1,513,575
  Ukuran (MB)  : 5.86
  FLOPs        : 215.009 M
  Inferensi    : 19.34 ms (median, std=2.11, n=300)
============================================================

Classification Report:
                     precision    recall  f1-score   support

    Brown_Spot_Rice     0.7200    0.9474    0.8182        19
   Common_Rust_Corn     1.0000    1.0000    1.0000        19
Gray_Leaf_Spot_Corn     0.8571    0.9474    0.9000        19
       Healthy_Corn     0.9474    0.9000    0.9231        20
       Healthy_Rice     1.0000    0.9000    0.9474        20
  Healthy_Sugarcane     0.9048    0.9500    0.9268        20
    Leaf_Blast_Rice     0.9333    0.7368    0.8235        19
   Mosaic_Sugarcane     0.9412    0.8421    0.8889        19
     Rust_Sugarcane     0.9500    0.9500    0.9500        20

           accuracy                         0.9086       175
          macro avg     0.9171    0.9082    0.9087       175
       weighted avg     0.9179    0.9086    0.9093       175

[INFO] Hasil sementara disimpan: D:\S2 UMAYAH\TESIS\Pra Penelitian 2\outputs\multiseed_single_criteria_results.json

======================================================================
RINGKASAN -- VALIDASI MULTI-SEED KRITERIA TUNGGAL (3 KRITERIA x 7 RASIO)
======================================================================

--- L1 ---
  10%: mean=95.43%  std=0.81pp  min=94.86%  maks=96.57%
  20%: mean=93.90%  std=0.71pp  min=93.14%  maks=94.86%
  30%: mean=95.81%  std=0.97pp  min=94.86%  maks=97.14%
  40%: mean=94.86%  std=0.47pp  min=94.29%  maks=95.43%
  50%: mean=94.29%  std=0.93pp  min=93.14%  maks=95.43%
  60%: mean=87.43%  std=0.47pp  min=86.86%  maks=88.00%
  70%: mean=82.48%  std=0.71pp  min=81.71%  maks=83.43%

--- GM ---
  10%: mean=95.81%  std=1.17pp  min=94.29%  maks=97.14%
  20%: mean=94.86%  std=1.40pp  min=93.14%  maks=96.57%
  30%: mean=95.81%  std=0.27pp  min=95.43%  maks=96.00%
  40%: mean=94.48%  std=0.71pp  min=93.71%  maks=95.43%
  50%: mean=91.43%  std=0.81pp  min=90.86%  maks=92.57%
  60%: mean=86.67%  std=0.54pp  min=86.29%  maks=87.43%
  70%: mean=84.57%  std=0.93pp  min=83.43%  maks=85.71%

--- ENTROPY ---
  10%: mean=95.05%  std=1.08pp  min=94.29%  maks=96.57%
  20%: mean=96.19%  std=0.54pp  min=95.43%  maks=96.57%
  30%: mean=93.71%  std=0.47pp  min=93.14%  maks=94.29%
  40%: mean=91.43%  std=0.47pp  min=90.86%  maks=92.00%
  50%: mean=89.71%  std=0.47pp  min=89.14%  maks=90.29%
  60%: mean=92.57%  std=0.93pp  min=91.43%  maks=93.71%
  70%: mean=85.14%  std=1.23pp  min=84.00%  maks=86.86%
======================================================================

[INFO] Hasil disimpan: D:\S2 UMAYAH\TESIS\Pra Penelitian 2\outputs\multiseed_single_criteria_results.json
